Point ID,MaterialIDs,Points_0,Points_1,Points_2,Points_Magnitude,arc_length,temperature_BHE1_0,temperature_BHE1_1,temperature_BHE1_2,temperature_BHE1_Magnitude,temperature_soil,vtkValidPointMask
0,0,0,20,-17,26.2488,0,289.148,286.215,285.128,496.813,285.119,1
1,0,0,20,-17.168,26.3579,0.167999,289.146,286.216,285.24,496.877,285.232,1
2,0,0,20,-17.336,26.4677,0.336,289.144,286.218,285.352,496.941,285.345,1
3,0,0,20,-17.504,26.578,0.504,289.142,286.219,285.464,497.005,285.458,1
4,0,0,20,-17.672,26.6889,0.672001,289.139,286.221,285.576,497.069,285.57,1
5,0,0,20,-17.84,26.8005,0.84,289.137,286.222,285.687,497.132,285.683,1
6,0,0,20,-18.008,26.9126,1.008,289.135,286.223,285.793,497.192,285.789,1
7,0,0,20,-18.176,27.0253,1.176,289.132,286.222,285.765,497.174,285.761,1
8,0,0,20,-18.344,27.1386,1.344,289.13,286.221,285.737,497.156,285.733,1
9,0,0,20,-18.512,27.2524,1.512,289.127,286.22,285.709,497.138,285.705,1
10,0,0,20,-18.68,27.3668,1.68,289.125,286.219,285.681,497.12,285.677,1
11,0,0,20,-18.848,27.4818,1.848,289.122,286.218,285.653,497.102,285.649,1
12,0,0,20,-19.016,27.5973,2.016,289.12,286.217,285.629,497.086,285.624,1
13,0,0,20,-19.184,27.7133,2.184,289.118,286.218,285.637,497.09,285.632,1
14,0,0,20,-19.352,27.8298,2.352,289.115,286.22,285.644,497.094,285.639,1
15,0,0,20,-19.52,27.9469,2.52,289.113,286.221,285.652,497.097,285.647,1
16,0,0,20,-19.688,28.0645,2.688,289.111,286.222,285.659,497.101,285.655,1
17,0,0,20,-19.856,28.1826,2.856,289.109,286.224,285.667,497.105,285.662,1
18,0,0,20,-20.024,28.3012,3.024,289.107,286.225,285.673,497.108,285.668,1
19,0,0,20,-20.192,28.4204,3.192,289.104,286.224,285.67,497.104,285.665,1
20,0,0,20,-20.36,28.54,3.36,289.102,286.223,285.667,497.1,285.663,1
21,0,0,20,-20.528,28.6601,3.528,289.099,286.222,285.664,497.097,285.66,1
22,0,0,20,-20.696,28.7806,3.696,289.097,286.221,285.661,497.093,285.657,1
23,0,0,20,-20.864,28.9017,3.864,289.094,286.22,285.659,497.089,285.654,1
24,0,0,20,-21.032,29.0232,4.032,289.092,286.219,285.657,497.087,285.652,1
25,0,0,20,-21.2,29.1452,4.2,289.09,286.22,285.658,497.087,285.653,1
26,0,0,20,-21.368,29.2676,4.368,289.087,286.222,285.659,497.087,285.655,1
27,0,0,20,-21.536,29.3905,4.536,289.085,286.223,285.661,497.087,285.656,1
28,0,0,20,-21.704,29.5138,4.704,289.083,286.225,285.662,497.088,285.657,1
29,0,0,20,-21.872,29.6376,4.872,289.081,286.226,285.663,497.088,285.659,1
30,0,0,20,-22.04,29.7617,5.04,289.079,286.227,285.664,497.088,285.659,1
31,0,0,20,-22.208,29.8864,5.208,289.076,286.226,285.663,497.085,285.658,1
32,0,0,20,-22.376,30.0114,5.376,289.074,286.225,285.662,497.082,285.657,1
33,0,0,20,-22.544,30.1369,5.544,289.071,286.224,285.66,497.08,285.656,1
34,0,0,20,-22.712,30.2628,5.712,289.069,286.223,285.659,497.077,285.655,1
35,0,0,20,-22.88,30.389,5.88,289.066,286.222,285.658,497.074,285.653,1
36,0,0,20,-23.048,30.5157,6.048,289.064,286.222,285.657,497.072,285.653,1
37,0,0,20,-23.216,30.6428,6.216,289.062,286.223,285.658,497.072,285.654,1
38,0,0,20,-23.384,30.7703,6.384,289.06,286.225,285.659,497.073,285.655,1
39,0,0,20,-23.552,30.8982,6.552,289.057,286.226,285.66,497.073,285.656,1
40,0,0,20,-23.72,31.0264,6.72,289.055,286.227,285.661,497.073,285.657,1
41,0,0,20,-23.888,31.155,6.888,289.053,286.229,285.662,497.073,285.658,1
42,0,0,20,-24.056,31.284,7.056,289.051,286.229,285.663,497.072,285.658,1
43,0,0,20,-24.224,31.4134,7.224,289.048,286.229,285.662,497.07,285.657,1
44,0,0,20,-24.392,31.5431,7.392,289.046,286.228,285.66,497.067,285.656,1
45,0,0,20,-24.56,31.6732,7.56,289.044,286.227,285.659,497.065,285.655,1
46,0,0,20,-24.728,31.8037,7.728,289.041,286.226,285.658,497.062,285.654,1
47,0,0,20,-24.896,31.9345,7.896,289.039,286.225,285.657,497.059,285.653,1
48,0,0,20,-25.064,32.0656,8.064,289.036,286.225,285.657,497.058,285.653,1
49,0,0,20,-25.232,32.1971,8.232,289.034,286.226,285.658,497.058,285.653,1
50,0,0,20,-25.4,32.3289,8.4,289.032,286.228,285.659,497.058,285.654,1
51,0,0,20,-25.568,32.4611,8.568,289.03,286.229,285.66,497.058,285.655,1
52,0,0,20,-25.736,32.5936,8.736,289.028,286.231,285.661,497.059,285.656,1
53,0,0,20,-25.904,32.7264,8.904,289.026,286.232,285.662,497.059,285.657,1
54,0,0,20,-26.072,32.8595,9.072,289.023,286.232,285.662,497.058,285.657,1
55,0,0,20,-26.24,32.993,9.24,289.021,286.232,285.661,497.055,285.656,1
56,0,0,20,-26.408,33.1268,9.408,289.019,286.231,285.66,497.053,285.656,1
57,0,0,20,-26.576,33.2608,9.576,289.016,286.23,285.659,497.05,285.655,1
58,0,0,20,-26.744,33.3952,9.744,289.014,286.229,285.658,497.048,285.654,1
59,0,0,20,-26.912,33.5299,9.912,289.011,286.228,285.657,497.045,285.653,1
60,0,0,20,-27.08,33.6649,10.08,289.009,286.228,285.657,497.044,285.653,1
61,0,0,20,-27.248,33.8002,10.248,289.007,286.23,285.658,497.044,285.654,1
62,0,0,20,-27.416,33.9358,10.416,289.005,286.231,285.659,497.045,285.655,1
63,0,0,20,-27.584,34.0716,10.584,289.003,286.233,285.66,497.045,285.656,1
64,0,0,20,-27.752,34.2078,10.752,289.001,286.234,285.661,497.045,285.657,1
65,0,0,20,-27.92,34.3442,10.92,288.999,286.236,285.662,497.045,285.658,1
66,0,0,20,-28.088,34.4809,11.088,288.996,286.236,285.662,497.044,285.658,1
67,0,0,20,-28.256,34.6179,11.256,288.994,286.235,285.661,497.042,285.657,1
68,0,0,20,-28.424,34.7552,11.424,288.992,286.234,285.66,497.039,285.656,1
69,0,0,20,-28.592,34.8927,11.592,288.989,286.233,285.659,497.037,285.655,1
70,0,0,20,-28.76,35.0305,11.76,288.987,286.233,285.659,497.034,285.654,1
71,0,0,20,-28.928,35.1686,11.928,288.984,286.232,285.658,497.032,285.653,1
72,0,0,20,-29.096,35.3069,12.096,288.982,286.232,285.658,497.031,285.653,1
73,0,0,20,-29.264,35.4455,12.264,288.98,286.234,285.659,497.031,285.654,1
74,0,0,20,-29.432,35.5843,12.432,288.978,286.235,285.66,497.032,285.655,1
75,0,0,20,-29.6,35.7234,12.6,288.976,286.237,285.661,497.032,285.656,1
76,0,0,20,-29.768,35.8627,12.768,288.974,286.238,285.662,497.032,285.657,1
77,0,0,20,-29.936,36.0023,12.936,288.972,286.24,285.663,497.032,285.658,1
78,0,0,20,-30.104,36.1421,13.104,288.969,286.24,285.663,497.031,285.658,1
79,0,0,20,-30.272,36.2821,13.272,288.967,286.239,285.662,497.029,285.657,1
80,0,0,20,-30.44,36.4224,13.44,288.965,286.238,285.661,497.026,285.656,1
81,0,0,20,-30.608,36.563,13.608,288.962,286.238,285.66,497.024,285.656,1
82,0,0,20,-30.776,36.7037,13.776,288.96,286.237,285.659,497.022,285.655,1
83,0,0,20,-30.944,36.8447,13.944,288.958,286.236,285.659,497.02,285.654,1
84,0,0,20,-31.112,36.9859,14.112,288.956,286.237,285.659,497.019,285.654,1
85,0,0,20,-31.28,37.1273,14.28,288.954,286.238,285.66,497.019,285.655,1
86,0,0,20,-31.448,37.269,14.448,288.951,286.24,285.661,497.02,285.656,1
87,0,0,20,-31.616,37.4108,14.616,288.949,286.241,285.662,497.02,285.657,1
88,0,0,20,-31.784,37.5529,14.784,288.947,286.243,285.663,497.02,285.658,1
89,0,0,20,-31.952,37.6952,14.952,288.945,286.244,285.664,497.02,285.659,1
90,0,0,20,-32.12,37.8377,15.12,288.943,286.244,285.664,497.019,285.659,1
91,0,0,20,-32.288,37.9805,15.288,288.941,286.244,285.663,497.017,285.658,1
92,0,0,20,-32.456,38.1234,15.456,288.938,286.243,285.662,497.014,285.658,1
93,0,0,20,-32.624,38.2665,15.624,288.936,286.242,285.662,497.012,285.657,1
94,0,0,20,-32.792,38.4098,15.792,288.934,286.241,285.661,497.01,285.656,1
95,0,0,20,-32.96,38.5534,15.96,288.931,286.241,285.66,497.008,285.655,1
96,0,0,20,-33.128,38.6971,16.128,288.929,286.242,285.661,497.007,285.656,1
97,0,0,20,-33.296,38.841,16.296,288.927,286.243,285.662,497.008,285.657,1
98,0,0,20,-33.464,38.9851,16.464,288.925,286.245,285.663,497.008,285.658,1
99,0,0,20,-33.632,39.1294,16.632,288.923,286.246,285.664,497.008,285.659,1
100,0,0,20,-33.8,39.2739,16.8,288.921,286.248,285.665,497.009,285.66,1
101,0,0,20,-33.968,39.4186,16.968,288.919,286.249,285.666,497.009,285.661,1
102,0,0,20,-34.136,39.5634,17.136,288.917,286.249,285.666,497.007,285.661,1
103,0,0,20,-34.304,39.7085,17.304,288.914,286.249,285.665,497.005,285.66,1
104,0,0,20,-34.472,39.8537,17.472,288.912,286.248,285.664,497.003,285.659,1
105,0,0,20,-34.64,39.9991,17.64,288.91,286.247,285.663,497.001,285.659,1
106,0,0,20,-34.808,40.1447,17.808,288.908,286.247,285.663,496.999,285.658,1
107,0,0,20,-34.976,40.2905,17.976,288.905,286.246,285.662,496.997,285.657,1
108,0,0,20,-35.144,40.4364,18.144,288.903,286.247,285.663,496.997,285.658,1
109,0,0,20,-35.312,40.5825,18.312,288.901,286.249,285.664,496.997,285.659,1
110,0,0,20,-35.48,40.7287,18.48,288.899,286.25,285.665,496.997,285.66,1
111,0,0,20,-35.648,40.8752,18.648,288.897,286.252,285.666,496.998,285.661,1
112,0,0,20,-35.816,41.0218,18.816,288.895,286.253,285.667,496.998,285.662,1
113,0,0,20,-35.984,41.1685,18.984,288.893,286.255,285.668,496.999,285.663,1
114,0,0,20,-36.152,41.3155,19.152,288.891,286.255,285.668,496.997,285.663,1
115,0,0,20,-36.32,41.4625,19.32,288.889,286.254,285.667,496.995,285.662,1
116,0,0,20,-36.488,41.6098,19.488,288.886,286.253,285.666,496.993,285.662,1
117,0,0,20,-36.656,41.7572,19.656,288.884,286.253,285.666,496.99,285.661,1
118,0,0,20,-36.824,41.9047,19.824,288.882,286.252,285.665,496.988,285.66,1
119,0,0,20,-36.992,42.0524,19.992,288.88,286.252,285.664,496.986,285.66,1
120,0,0,20,-37.16,42.2003,20.16,288.878,286.253,285.665,496.987,285.661,1
121,0,0,20,-37.328,42.3483,20.328,288.876,286.255,285.666,496.987,285.662,1
122,0,0,20,-37.496,42.4965,20.496,288.874,286.256,285.668,496.987,285.663,1
123,0,0,20,-37.664,42.6448,20.664,288.872,286.258,285.669,496.988,285.664,1
124,0,0,20,-37.832,42.7932,20.832,288.87,286.259,285.67,496.988,285.665,1
125,0,0,20,-38,42.9418,21,288.867,286.261,285.671,496.989,285.666,1
126,0,0,20,-38.168,43.0906,21.168,288.865,286.26,285.67,496.987,285.666,1
127,0,0,20,-38.336,43.2394,21.336,288.863,286.26,285.67,496.985,285.665,1
128,0,0,20,-38.504,43.3885,21.504,288.861,286.259,285.669,496.983,285.664,1
129,0,0,20,-38.672,43.5376,21.672,288.859,286.259,285.669,496.981,285.664,1
130,0,0,20,-38.84,43.6869,21.84,288.856,286.258,285.668,496.979,285.663,1
131,0,0,20,-39.008,43.8363,22.008,288.854,286.258,285.667,496.977,285.663,1
132,0,0,20,-39.176,43.9859,22.176,288.852,286.259,285.669,496.977,285.664,1
133,0,0,20,-39.344,44.1356,22.344,288.85,286.261,285.67,496.978,285.665,1
134,0,0,20,-39.512,44.2854,22.512,288.848,286.263,285.671,496.978,285.666,1
135,0,0,20,-39.68,44.4354,22.68,288.846,286.264,285.672,496.979,285.667,1
136,0,0,20,-39.848,44.5855,22.848,288.844,286.266,285.673,496.979,285.668,1
137,0,0,20,-40.016,44.7357,23.016,288.842,286.267,285.674,496.979,285.669,1
138,0,0,20,-40.184,44.886,23.184,288.84,286.267,285.674,496.977,285.669,1
139,0,0,20,-40.352,45.0365,23.352,288.838,286.266,285.673,496.976,285.668,1
140,0,0,20,-40.52,45.1871,23.52,288.836,286.266,285.672,496.974,285.668,1
141,0,0,20,-40.688,45.3378,23.688,288.833,286.265,285.672,496.972,285.667,1
142,0,0,20,-40.856,45.4886,23.856,288.831,286.265,285.671,496.97,285.666,1
143,0,0,20,-41.024,45.6395,24.024,288.829,286.265,285.671,496.968,285.666,1
144,0,0,20,-41.192,45.7906,24.192,288.827,286.266,285.672,496.969,285.667,1
145,0,0,20,-41.36,45.9418,24.36,288.825,286.268,285.673,496.969,285.669,1
146,0,0,20,-41.528,46.0931,24.528,288.823,286.27,285.675,496.97,285.67,1
147,0,0,20,-41.696,46.2445,24.696,288.821,286.271,285.676,496.97,285.671,1
148,0,0,20,-41.864,46.3961,24.864,288.819,286.273,285.677,496.971,285.672,1
149,0,0,20,-42.032,46.5477,25.032,288.817,286.274,285.678,496.971,285.673,1
150,0,0,20,-42.2,46.6995,25.2,288.815,286.274,285.677,496.969,285.672,1
151,0,0,20,-42.368,46.8513,25.368,288.813,286.273,285.677,496.967,285.672,1
152,0,0,20,-42.536,47.0033,25.536,288.811,286.273,285.676,496.965,285.671,1
153,0,0,20,-42.704,47.1554,25.704,288.808,286.272,285.676,496.964,285.671,1
154,0,0,20,-42.872,47.3076,25.872,288.806,286.272,285.675,496.962,285.67,1
155,0,0,20,-43.04,47.4599,26.04,288.804,286.272,285.675,496.96,285.67,1
156,0,0,20,-43.208,47.6123,26.208,288.802,286.274,285.676,496.961,285.671,1
157,0,0,20,-43.376,47.7648,26.376,288.8,286.275,285.678,496.962,285.673,1
158,0,0,20,-43.544,47.9174,26.544,288.798,286.277,285.679,496.962,285.674,1
159,0,0,20,-43.712,48.0701,26.712,288.796,286.279,285.68,496.963,285.675,1
160,0,0,20,-43.88,48.223,26.88,288.794,286.28,285.681,496.963,285.676,1
161,0,0,20,-44.048,48.3759,27.048,288.792,286.281,285.682,496.963,285.677,1
162,0,0,20,-44.216,48.5289,27.216,288.79,286.281,285.682,496.961,285.677,1
163,0,0,20,-44.384,48.682,27.384,288.788,286.281,285.681,496.96,285.676,1
164,0,0,20,-44.552,48.8352,27.552,288.786,286.28,285.681,496.958,285.676,1
165,0,0,20,-44.72,48.9886,27.72,288.784,286.28,285.68,496.956,285.675,1
166,0,0,20,-44.888,49.142,27.888,288.782,286.279,285.68,496.954,285.675,1
167,0,0,20,-45.056,49.2955,28.056,288.78,286.28,285.68,496.953,285.675,1
168,0,0,20,-45.224,49.4491,28.224,288.778,286.281,285.681,496.954,285.676,1
169,0,0,20,-45.392,49.6028,28.392,288.776,286.283,285.682,496.955,285.677,1
170,0,0,20,-45.56,49.7565,28.56,288.774,286.285,285.684,496.955,285.679,1
171,0,0,20,-45.728,49.9104,28.728,288.772,286.286,285.685,496.956,285.68,1
172,0,0,20,-45.896,50.0644,28.896,288.77,286.288,285.686,496.956,285.681,1
173,0,0,20,-46.064,50.2184,29.064,288.768,286.289,285.687,496.956,285.682,1
174,0,0,20,-46.232,50.3726,29.232,288.766,286.289,285.686,496.954,285.681,1
175,0,0,20,-46.4,50.5268,29.4,288.764,286.288,285.686,496.953,285.681,1
176,0,0,20,-46.568,50.6811,29.568,288.762,286.288,285.685,496.951,285.681,1
177,0,0,20,-46.736,50.8356,29.736,288.76,286.288,285.685,496.949,285.68,1
178,0,0,20,-46.904,50.9901,29.904,288.758,286.287,285.685,496.948,285.68,1
179,0,0,20,-47.072,51.1446,30.072,288.756,286.288,285.685,496.947,285.68,1
180,0,0,20,-47.24,51.2993,30.24,288.754,286.29,285.686,496.948,285.681,1
181,0,0,20,-47.408,51.454,30.408,288.752,286.291,285.687,496.948,285.683,1
182,0,0,20,-47.576,51.6089,30.576,288.75,286.293,285.689,496.949,285.684,1
183,0,0,20,-47.744,51.7638,30.744,288.748,286.295,285.69,496.95,285.685,1
184,0,0,20,-47.912,51.9188,30.912,288.746,286.296,285.691,496.95,285.686,1
185,0,0,20,-48.08,52.0739,31.08,288.744,286.297,285.692,496.95,285.687,1
186,0,0,20,-48.248,52.229,31.248,288.742,286.297,285.691,496.948,285.687,1
187,0,0,20,-48.416,52.3842,31.416,288.74,286.297,285.691,496.947,285.686,1
188,0,0,20,-48.584,52.5396,31.584,288.738,286.296,285.691,496.945,285.686,1
189,0,0,20,-48.752,52.6949,31.752,288.736,286.296,285.69,496.943,285.685,1
190,0,0,20,-48.92,52.8504,31.92,288.734,286.296,285.69,496.942,285.685,1
191,0,0,20,-49.088,53.006,32.088,288.732,286.297,285.691,496.941,285.686,1
192,0,0,20,-49.256,53.1616,32.256,288.73,286.298,285.692,496.942,285.687,1
193,0,0,20,-49.424,53.3173,32.424,288.728,286.3,285.693,496.943,285.688,1
194,0,0,20,-49.592,53.473,32.592,288.726,286.302,285.695,496.943,285.69,1
195,0,0,20,-49.76,53.6289,32.76,288.724,286.304,285.696,496.944,285.691,1
196,0,0,20,-49.928,53.7848,32.928,288.722,286.305,285.697,496.945,285.692,1
197,0,0,20,-50.096,53.9408,33.096,288.72,286.306,285.698,496.944,285.693,1
198,0,0,20,-50.264,54.0969,33.264,288.718,286.306,285.697,496.943,285.692,1
199,0,0,20,-50.432,54.253,33.432,288.716,286.305,285.697,496.941,285.692,1
200,0,0,20,-50.6,54.4092,33.6,288.714,286.305,285.697,496.94,285.692,1
201,0,0,20,-50.768,54.5655,33.768,288.712,286.305,285.696,496.938,285.691,1
202,0,0,20,-50.936,54.7218,33.936,288.71,286.305,285.696,496.937,285.691,1
203,0,0,20,-51.104,54.8782,34.104,288.708,286.306,285.697,496.937,285.692,1
204,0,0,20,-51.272,55.0347,34.272,288.706,286.307,285.698,496.937,285.693,1
205,0,0,20,-51.44,55.1912,34.44,288.704,286.309,285.699,496.938,285.694,1
206,0,0,20,-51.608,55.3479,34.608,288.703,286.311,285.701,496.939,285.696,1
207,0,0,20,-51.776,55.5045,34.776,288.701,286.313,285.702,496.939,285.697,1
208,0,0,20,-51.944,55.6613,34.944,288.699,286.315,285.703,496.94,285.698,1
209,0,0,20,-52.112,55.8181,35.112,288.697,286.315,285.704,496.939,285.699,1
210,0,0,20,-52.28,55.975,35.28,288.695,286.315,285.703,496.938,285.699,1
211,0,0,20,-52.448,56.1319,35.448,288.693,286.315,285.703,496.937,285.698,1
212,0,0,20,-52.616,56.2889,35.616,288.691,286.314,285.703,496.935,285.698,1
213,0,0,20,-52.784,56.446,35.784,288.689,286.314,285.703,496.934,285.698,1
214,0,0,20,-52.952,56.6031,35.952,288.687,286.314,285.702,496.932,285.698,1
215,0,0,20,-53.12,56.7603,36.12,288.685,286.315,285.703,496.932,285.698,1
216,0,0,20,-53.288,56.9176,36.288,288.683,286.317,285.705,496.933,285.7,1
217,0,0,20,-53.456,57.0749,36.456,288.681,286.319,285.706,496.934,285.701,1
218,0,0,20,-53.624,57.2323,36.624,288.679,286.321,285.708,496.935,285.703,1
219,0,0,20,-53.792,57.3897,36.792,288.678,286.323,285.709,496.936,285.704,1
220,0,0,20,-53.96,57.5472,36.96,288.676,286.324,285.71,496.936,285.705,1
221,0,0,20,-54.128,57.7048,37.128,288.674,286.325,285.71,496.935,285.705,1
222,0,0,20,-54.296,57.8624,37.296,288.672,286.325,285.71,496.934,285.705,1
223,0,0,20,-54.464,58.0201,37.464,288.67,286.324,285.71,496.933,285.705,1
224,0,0,20,-54.632,58.1778,37.632,288.668,286.324,285.71,496.931,285.705,1
225,0,0,20,-54.8,58.3356,37.8,288.666,286.324,285.71,496.93,285.705,1
226,0,0,20,-54.968,58.4934,37.968,288.664,286.324,285.709,496.929,285.704,1
227,0,0,20,-55.136,58.6513,38.136,288.662,286.325,285.711,496.929,285.706,1
228,0,0,20,-55.304,58.8093,38.304,288.66,286.327,285.712,496.93,285.707,1
229,0,0,20,-55.472,58.9673,38.472,288.658,286.329,285.713,496.931,285.708,1
230,0,0,20,-55.64,59.1254,38.64,288.657,286.331,285.715,496.931,285.71,1
231,0,0,20,-55.808,59.2835,38.808,288.655,286.333,285.716,496.932,285.711,1
232,0,0,20,-55.976,59.4417,38.976,288.653,286.335,285.718,496.933,285.713,1
233,0,0,20,-56.144,59.5999,39.144,288.651,286.335,285.718,496.932,285.713,1
234,0,0,20,-56.312,59.7582,39.312,288.649,286.335,285.718,496.931,285.713,1
235,0,0,20,-56.48,59.9165,39.48,288.647,286.335,285.717,496.93,285.712,1
236,0,0,20,-56.648,60.0749,39.648,288.645,286.334,285.717,496.928,285.712,1
237,0,0,20,-56.816,60.2334,39.816,288.643,286.334,285.717,496.927,285.712,1
238,0,0,20,-56.984,60.3919,39.984,288.641,286.334,285.717,496.926,285.712,1
239,0,0,20,-57.152,60.5504,40.152,288.639,286.336,285.718,496.926,285.713,1
240,0,0,20,-57.32,60.709,40.32,288.638,286.338,285.72,496.927,285.715,1
241,0,0,20,-57.488,60.8676,40.488,288.636,286.34,285.721,496.928,285.716,1
242,0,0,20,-57.656,61.0263,40.656,288.634,286.342,285.723,496.929,285.718,1
243,0,0,20,-57.824,61.1851,40.824,288.632,286.343,285.724,496.93,285.719,1
244,0,0,20,-57.992,61.3439,40.992,288.63,286.345,285.725,496.931,285.72,1
245,0,0,20,-58.16,61.5027,41.16,288.629,286.345,285.725,496.93,285.72,1
246,0,0,20,-58.328,61.6616,41.328,288.627,286.345,285.725,496.928,285.72,1
247,0,0,20,-58.496,61.8206,41.496,288.625,286.345,285.725,496.927,285.72,1
248,0,0,20,-58.664,61.9796,41.664,288.623,286.345,285.725,496.926,285.72,1
249,0,0,20,-58.832,62.1386,41.832,288.621,286.345,285.725,496.925,285.72,1
250,0,0,20,-59,62.2977,42,288.619,286.345,285.725,496.924,285.72,1
251,0,0,20,-59.168,62.4568,42.168,288.617,286.347,285.726,496.925,285.721,1
252,0,0,20,-59.336,62.616,42.336,288.615,286.349,285.728,496.925,285.723,1
253,0,0,20,-59.504,62.7752,42.504,288.614,286.351,285.729,496.926,285.724,1
254,0,0,20,-59.672,62.9345,42.672,288.612,286.353,285.731,496.927,285.726,1
255,0,0,20,-59.84,63.0938,42.84,288.61,286.355,285.732,496.928,285.727,1
256,0,0,20,-60.008,63.2531,43.008,288.608,286.356,285.734,496.929,285.729,1
257,0,0,20,-60.176,63.4125,43.176,288.606,286.356,285.734,496.928,285.729,1
258,0,0,20,-60.344,63.572,43.344,288.604,286.356,285.734,496.927,285.729,1
259,0,0,20,-60.512,63.7315,43.512,288.603,286.356,285.734,496.926,285.729,1
260,0,0,20,-60.68,63.891,43.68,288.601,286.356,285.734,496.925,285.728,1
261,0,0,20,-60.848,64.0506,43.848,288.599,286.356,285.734,496.923,285.728,1
262,0,0,20,-61.016,64.2102,44.016,288.597,286.357,285.734,496.922,285.729,1
263,0,0,20,-61.184,64.3699,44.184,288.595,286.358,285.735,496.923,285.73,1
264,0,0,20,-61.352,64.5296,44.352,288.593,286.36,285.737,496.924,285.732,1
265,0,0,20,-61.52,64.6893,44.52,288.592,286.362,285.738,496.925,285.733,1
266,0,0,20,-61.688,64.8491,44.688,288.59,286.364,285.74,496.926,285.735,1
267,0,0,20,-61.856,65.009,44.856,288.588,286.366,285.741,496.927,285.736,1
268,0,0,20,-62.024,65.1688,45.024,288.586,286.368,285.742,496.928,285.737,1
269,0,0,20,-62.192,65.3287,45.192,288.585,286.368,285.742,496.927,285.737,1
270,0,0,20,-62.36,65.4887,45.36,288.583,286.368,285.742,496.926,285.737,1
271,0,0,20,-62.528,65.6487,45.528,288.581,286.368,285.742,496.925,285.737,1
272,0,0,20,-62.696,65.8087,45.696,288.579,286.368,285.742,496.924,285.737,1
273,0,0,20,-62.864,65.9688,45.864,288.577,286.368,285.743,496.923,285.737,1
274,0,0,20,-63.032,66.1289,46.032,288.575,286.369,285.743,496.922,285.738,1
275,0,0,20,-63.2,66.2891,46.2,288.573,286.37,285.744,496.923,285.739,1
276,0,0,20,-63.368,66.4493,46.368,288.572,286.372,285.746,496.924,285.741,1
277,0,0,20,-63.536,66.6095,46.536,288.57,286.374,285.747,496.925,285.742,1
278,0,0,20,-63.704,66.7698,46.704,288.568,286.376,285.749,496.926,285.744,1
279,0,0,20,-63.872,66.9301,46.872,288.567,286.378,285.75,496.927,285.745,1
280,0,0,20,-64.04,67.0904,47.04,288.565,286.38,285.752,496.928,285.747,1
281,0,0,20,-64.208,67.2508,47.208,288.563,286.38,285.752,496.927,285.747,1
282,0,0,20,-64.376,67.4112,47.376,288.561,286.38,285.752,496.926,285.747,1
283,0,0,20,-64.544,67.5716,47.544,288.559,286.38,285.752,496.925,285.747,1
284,0,0,20,-64.712,67.7321,47.712,288.557,286.38,285.752,496.924,285.747,1
285,0,0,20,-64.88,67.8927,47.88,288.556,286.38,285.752,496.923,285.747,1
286,0,0,20,-65.048,68.0532,48.048,288.554,286.381,285.752,496.922,285.747,1
287,0,0,20,-65.216,68.2138,48.216,288.552,286.383,285.754,496.923,285.749,1
288,0,0,20,-65.384,68.3745,48.384,288.55,286.385,285.756,496.924,285.75,1
289,0,0,20,-65.552,68.5351,48.552,288.549,286.387,285.757,496.925,285.752,1
290,0,0,20,-65.72,68.6958,48.72,288.547,286.389,285.759,496.927,285.754,1
291,0,0,20,-65.888,68.8566,48.888,288.545,286.391,285.76,496.928,285.755,1
292,0,0,20,-66.056,69.0174,49.056,288.544,286.392,285.761,496.928,285.756,1
293,0,0,20,-66.224,69.1782,49.224,288.542,286.392,285.761,496.927,285.756,1
294,0,0,20,-66.392,69.339,49.392,288.54,286.392,285.762,496.926,285.756,1
295,0,0,20,-66.56,69.4999,49.56,288.538,286.393,285.762,496.925,285.757,1
296,0,0,20,-66.728,69.6608,49.728,288.536,286.393,285.762,496.924,285.757,1
297,0,0,20,-66.896,69.8217,49.896,288.535,286.393,285.762,496.924,285.757,1
298,0,0,20,-67.064,69.9827,50.064,288.533,286.394,285.763,496.923,285.758,1
299,0,0,20,-67.232,70.1437,50.232,288.531,286.396,285.764,496.925,285.759,1
300,0,0,20,-67.4,70.3048,50.4,288.53,286.398,285.766,496.926,285.761,1
301,0,0,20,-67.568,70.4658,50.568,288.528,286.4,285.767,496.927,285.762,1
302,0,0,20,-67.736,70.6269,50.736,288.526,286.402,285.769,496.928,285.764,1
303,0,0,20,-67.904,70.7881,50.904,288.525,286.404,285.771,496.929,285.765,1
304,0,0,20,-68.072,70.9493,51.072,288.523,286.405,285.772,496.929,285.766,1
305,0,0,20,-68.24,71.1105,51.24,288.521,286.405,285.772,496.928,285.767,1
306,0,0,20,-68.408,71.2717,51.408,288.519,286.405,285.772,496.928,285.767,1
307,0,0,20,-68.576,71.433,51.576,288.517,286.406,285.772,496.927,285.767,1
308,0,0,20,-68.744,71.5943,51.744,288.516,286.406,285.772,496.926,285.767,1
309,0,0,20,-68.912,71.7556,51.912,288.514,286.406,285.772,496.925,285.767,1
310,0,0,20,-69.08,71.9169,52.08,288.512,286.407,285.773,496.925,285.768,1
311,0,0,20,-69.248,72.0783,52.248,288.511,286.409,285.775,496.926,285.77,1
312,0,0,20,-69.416,72.2397,52.416,288.509,286.411,285.777,496.928,285.771,1
313,0,0,20,-69.584,72.4012,52.584,288.507,286.413,285.778,496.929,285.773,1
314,0,0,20,-69.752,72.5627,52.752,288.506,286.415,285.78,496.93,285.775,1
315,0,0,20,-69.92,72.7242,52.92,288.504,286.417,285.781,496.931,285.776,1
316,0,0,20,-70.088,72.8857,53.088,288.502,286.418,285.782,496.931,285.777,1
317,0,0,20,-70.256,73.0473,53.256,288.501,286.418,285.783,496.93,285.777,1
318,0,0,20,-70.424,73.2089,53.424,288.499,286.419,285.783,496.93,285.778,1
319,0,0,20,-70.592,73.3705,53.592,288.497,286.419,285.783,496.929,285.778,1
320,0,0,20,-70.76,73.5322,53.76,288.495,286.419,285.783,496.928,285.778,1
321,0,0,20,-70.928,73.6938,53.928,288.493,286.42,285.783,496.927,285.778,1
322,0,0,20,-71.096,73.8555,54.096,288.492,286.421,285.785,496.928,285.779,1
323,0,0,20,-71.264,74.0173,54.264,288.49,286.423,285.786,496.929,285.781,1
324,0,0,20,-71.432,74.179,54.432,288.489,286.425,285.788,496.93,285.783,1
325,0,0,20,-71.6,74.3408,54.6,288.487,286.427,285.789,496.931,285.784,1
326,0,0,20,-71.768,74.5027,54.768,288.485,286.429,285.791,496.933,285.786,1
327,0,0,20,-71.936,74.6645,54.936,288.484,286.431,285.793,496.934,285.788,1
328,0,0,20,-72.104,74.8264,55.104,288.482,286.432,285.794,496.934,285.788,1
329,0,0,20,-72.272,74.9883,55.272,288.48,286.432,285.794,496.933,285.789,1
330,0,0,20,-72.44,75.1502,55.44,288.479,286.433,285.794,496.932,285.789,1
331,0,0,20,-72.608,75.3122,55.608,288.477,286.433,285.794,496.932,285.789,1
332,0,0,20,-72.776,75.4741,55.776,288.475,286.433,285.795,496.931,285.789,1
333,0,0,20,-72.944,75.6361,55.944,288.473,286.434,285.795,496.93,285.79,1
334,0,0,20,-73.112,75.7982,56.112,288.472,286.435,285.796,496.931,285.791,1
335,0,0,20,-73.28,75.9602,56.28,288.47,286.437,285.798,496.932,285.793,1
336,0,0,20,-73.448,76.1223,56.448,288.469,286.439,285.8,496.934,285.794,1
337,0,0,20,-73.616,76.2844,56.616,288.467,286.441,285.801,496.935,285.796,1
338,0,0,20,-73.784,76.4466,56.784,288.466,286.443,285.803,496.936,285.798,1
339,0,0,20,-73.952,76.6087,56.952,288.464,286.445,285.805,496.937,285.799,1
340,0,0,20,-74.12,76.7709,57.12,288.462,286.446,285.805,496.937,285.8,1
341,0,0,20,-74.288,76.9331,57.288,288.461,286.447,285.806,496.937,285.8,1
342,0,0,20,-74.456,77.0954,57.456,288.459,286.447,285.806,496.936,285.801,1
343,0,0,20,-74.624,77.2576,57.624,288.457,286.447,285.806,496.935,285.801,1
344,0,0,20,-74.792,77.4199,57.792,288.455,286.448,285.807,496.935,285.801,1
345,0,0,20,-74.96,77.5822,57.96,288.454,286.448,285.807,496.934,285.802,1
346,0,0,20,-75.128,77.7446,58.128,288.452,286.45,285.808,496.935,285.803,1
347,0,0,20,-75.296,77.9069,58.296,288.451,286.452,285.81,496.936,285.805,1
348,0,0,20,-75.464,78.0693,58.464,288.449,286.454,285.812,496.938,285.807,1
349,0,0,20,-75.632,78.2317,58.632,288.447,286.456,285.814,496.939,285.808,1
350,0,0,20,-75.8,78.3941,58.8,288.446,286.458,285.815,496.94,285.81,1
351,0,0,20,-75.968,78.5566,58.968,288.444,286.46,285.817,496.942,285.812,1
352,0,0,20,-76.136,78.7191,59.136,288.443,286.461,285.818,496.941,285.812,1
353,0,0,20,-76.304,78.8816,59.304,288.441,286.461,285.818,496.941,285.813,1
354,0,0,20,-76.472,79.0441,59.472,288.439,286.462,285.818,496.94,285.813,1
355,0,0,20,-76.64,79.2066,59.64,288.438,286.462,285.819,496.94,285.813,1
356,0,0,20,-76.808,79.3692,59.808,288.436,286.463,285.819,496.939,285.814,1
357,0,0,20,-76.976,79.5318,59.976,288.434,286.463,285.819,496.939,285.814,1
358,0,0,20,-77.144,79.6944,60.144,288.433,286.465,285.821,496.94,285.816,1
359,0,0,20,-77.312,79.857,60.312,288.431,286.467,285.823,496.941,285.818,1
360,0,0,20,-77.48,80.0197,60.48,288.43,286.469,285.825,496.943,285.819,1
361,0,0,20,-77.648,80.1824,60.648,288.428,286.471,285.826,496.944,285.821,1
362,0,0,20,-77.816,80.3451,60.816,288.427,286.473,285.828,496.945,285.823,1
363,0,0,20,-77.984,80.5078,60.984,288.425,286.476,285.83,496.947,285.825,1
364,0,0,20,-78.152,80.6705,61.152,288.424,286.476,285.83,496.946,285.825,1
365,0,0,20,-78.32,80.8333,61.32,288.422,286.477,285.831,496.946,285.826,1
366,0,0,20,-78.488,80.9961,61.488,288.42,286.477,285.831,496.946,285.826,1
367,0,0,20,-78.656,81.1589,61.656,288.419,286.478,285.832,496.945,285.826,1
368,0,0,20,-78.824,81.3217,61.824,288.417,286.478,285.832,496.945,285.827,1
369,0,0,20,-78.992,81.4846,61.992,288.415,286.479,285.833,496.944,285.827,1
370,0,0,20,-79.16,81.6475,62.16,288.414,286.481,285.834,496.945,285.829,1
371,0,0,20,-79.328,81.8103,62.328,288.412,286.483,285.836,496.947,285.831,1
372,0,0,20,-79.496,81.9733,62.496,288.411,286.485,285.838,496.948,285.833,1
373,0,0,20,-79.664,82.1362,62.664,288.409,286.487,285.84,496.95,285.834,1
374,0,0,20,-79.832,82.2991,62.832,288.408,286.489,285.841,496.951,285.836,1
375,0,0,20,-80,82.4621,63,288.406,286.491,285.843,496.952,285.838,1
376,0,0,20,-80.168,82.6251,63.168,288.405,286.492,285.844,496.952,285.838,1
377,0,0,20,-80.336,82.7881,63.336,288.403,286.492,285.844,496.952,285.839,1
378,0,0,20,-80.504,82.9511,63.504,288.401,286.493,285.845,496.951,285.839,1
379,0,0,20,-80.672,83.1142,63.672,288.4,286.493,285.845,496.951,285.84,1
380,0,0,20,-80.84,83.2773,63.84,288.398,286.494,285.846,496.951,285.84,1
381,0,0,20,-81.008,83.4404,64.008,288.397,286.494,285.846,496.95,285.841,1
382,0,0,20,-81.176,83.6035,64.176,288.395,286.497,285.848,496.952,285.843,1
383,0,0,20,-81.344,83.7666,64.344,288.394,286.499,285.85,496.953,285.844,1
384,0,0,20,-81.512,83.9298,64.512,288.392,286.501,285.852,496.955,285.846,1
385,0,0,20,-81.68,84.0929,64.68,288.391,286.503,285.853,496.956,285.848,1
386,0,0,20,-81.848,84.2561,64.848,288.389,286.505,285.855,496.958,285.85,1
387,0,0,20,-82.016,84.4193,65.016,288.388,286.507,285.857,496.959,285.852,1
388,0,0,20,-82.184,84.5826,65.184,288.386,286.508,285.857,496.959,285.852,1
389,0,0,20,-82.352,84.7458,65.352,288.385,286.508,285.858,496.958,285.853,1
390,0,0,20,-82.52,84.9091,65.52,288.383,286.509,285.858,496.958,285.853,1
391,0,0,20,-82.688,85.0724,65.688,288.381,286.51,285.859,496.958,285.854,1
392,0,0,20,-82.856,85.2357,65.856,288.38,286.51,285.86,496.957,285.854,1
393,0,0,20,-83.024,85.399,66.024,288.378,286.511,285.86,496.957,285.855,1
394,0,0,20,-83.192,85.5623,66.192,288.377,286.513,285.862,496.959,285.857,1
395,0,0,20,-83.36,85.7257,66.36,288.375,286.515,285.864,496.96,285.859,1
396,0,0,20,-83.528,85.889,66.528,288.374,286.518,285.866,496.962,285.86,1
397,0,0,20,-83.696,86.0524,66.696,288.372,286.52,285.868,496.963,285.862,1
398,0,0,20,-83.864,86.2158,66.864,288.371,286.522,285.869,496.965,285.864,1
399,0,0,20,-84.032,86.3793,67.032,288.37,286.524,285.871,496.966,285.866,1
400,0,0,20,-84.2,86.5427,67.2,288.368,286.524,285.872,496.966,285.866,1
401,0,0,20,-84.368,86.7062,67.368,288.366,286.525,285.872,496.966,285.867,1
402,0,0,20,-84.536,86.8697,67.536,288.365,286.526,285.873,496.965,285.868,1
403,0,0,20,-84.704,87.0331,67.704,288.363,286.526,285.873,496.965,285.868,1
404,0,0,20,-84.872,87.1967,67.872,288.362,286.527,285.874,496.965,285.869,1
405,0,0,20,-85.04,87.3602,68.04,288.36,286.528,285.875,496.965,285.87,1
406,0,0,20,-85.208,87.5237,68.208,288.359,286.53,285.877,496.967,285.871,1
407,0,0,20,-85.376,87.6873,68.376,288.357,286.532,285.879,496.968,285.873,1
408,0,0,20,-85.544,87.8509,68.544,288.356,286.535,285.881,496.97,285.875,1
409,0,0,20,-85.712,88.0145,68.712,288.355,286.537,285.882,496.971,285.877,1
410,0,0,20,-85.88,88.1781,68.88,288.353,286.539,285.884,496.973,285.879,1
411,0,0,20,-86.048,88.3417,69.048,288.352,286.541,285.886,496.974,285.88,1
412,0,0,20,-86.216,88.5054,69.216,288.35,286.541,285.886,496.974,285.881,1
413,0,0,20,-86.384,88.669,69.384,288.349,286.542,285.887,496.974,285.882,1
414,0,0,20,-86.552,88.8327,69.552,288.347,286.543,285.888,496.973,285.882,1
415,0,0,20,-86.72,88.9964,69.72,288.346,286.543,285.888,496.973,285.883,1
416,0,0,20,-86.888,89.1601,69.888,288.344,286.544,285.889,496.973,285.884,1
417,0,0,20,-87.056,89.3238,70.056,288.342,286.545,285.89,496.974,285.885,1
418,0,0,20,-87.224,89.4876,70.224,288.341,286.548,285.892,496.975,285.887,1
419,0,0,20,-87.392,89.6513,70.392,288.34,286.55,285.894,496.977,285.889,1
420,0,0,20,-87.56,89.8151,70.56,288.338,286.552,285.896,496.978,285.89,1
421,0,0,20,-87.728,89.9789,70.728,288.337,286.554,285.898,496.98,285.892,1
422,0,0,20,-87.896,90.1427,70.896,288.336,286.557,285.9,496.982,285.894,1
423,0,0,20,-88.064,90.3065,71.064,288.334,286.558,285.901,496.982,285.896,1
424,0,0,20,-88.232,90.4704,71.232,288.333,286.559,285.902,496.982,285.896,1
425,0,0,20,-88.4,90.6342,71.4,288.331,286.56,285.902,496.982,285.897,1
426,0,0,20,-88.568,90.7981,71.568,288.33,286.56,285.903,496.982,285.898,1
427,0,0,20,-88.736,90.962,71.736,288.328,286.561,285.904,496.982,285.898,1
428,0,0,20,-88.904,91.1259,71.904,288.327,286.562,285.904,496.982,285.899,1
429,0,0,20,-89.072,91.2898,72.072,288.325,286.563,285.906,496.983,285.9,1
430,0,0,20,-89.24,91.4537,72.24,288.324,286.565,285.908,496.984,285.902,1
431,0,0,20,-89.408,91.6176,72.408,288.322,286.568,285.91,496.986,285.904,1
432,0,0,20,-89.576,91.7816,72.576,288.321,286.57,285.911,496.988,285.906,1
433,0,0,20,-89.744,91.9456,72.744,288.32,286.572,285.913,496.989,285.908,1
434,0,0,20,-89.912,92.1095,72.912,288.318,286.575,285.915,496.991,285.91,1
435,0,0,20,-90.08,92.2735,73.08,288.317,286.576,285.917,496.992,285.911,1
436,0,0,20,-90.248,92.4376,73.248,288.315,286.577,285.917,496.992,285.912,1
437,0,0,20,-90.416,92.6016,73.416,288.314,286.578,285.918,496.992,285.913,1
438,0,0,20,-90.584,92.7656,73.584,288.312,286.578,285.919,496.992,285.914,1
439,0,0,20,-90.752,92.9297,73.752,288.311,286.579,285.92,496.992,285.914,1
440,0,0,20,-90.92,93.0938,73.92,288.31,286.58,285.92,496.992,285.915,1
441,0,0,20,-91.088,93.2578,74.088,288.308,286.582,285.922,496.993,285.916,1
442,0,0,20,-91.256,93.4219,74.256,288.307,286.584,285.924,496.994,285.918,1
443,0,0,20,-91.424,93.5861,74.424,288.305,286.586,285.926,496.996,285.92,1
444,0,0,20,-91.592,93.7502,74.592,288.304,286.588,285.928,496.998,285.922,1
445,0,0,20,-91.76,93.9143,74.76,288.303,286.591,285.93,497,285.924,1
446,0,0,20,-91.928,94.0785,74.928,288.301,286.593,285.932,497.001,285.926,1
447,0,0,20,-92.096,94.2426,75.096,288.3,286.594,285.933,497.002,285.928,1
448,0,0,20,-92.264,94.4068,75.264,288.299,286.595,285.934,497.002,285.928,1
449,0,0,20,-92.432,94.571,75.432,288.297,286.596,285.935,497.002,285.929,1
450,0,0,20,-92.6,94.7352,75.6,288.296,286.597,285.935,497.002,285.93,1
451,0,0,20,-92.768,94.8994,75.768,288.294,286.598,285.936,497.002,285.931,1
452,0,0,20,-92.936,95.0637,75.936,288.293,286.599,285.937,497.002,285.931,1
453,0,0,20,-93.104,95.2279,76.104,288.291,286.6,285.938,497.004,285.933,1
454,0,0,20,-93.272,95.3922,76.272,288.29,286.603,285.94,497.005,285.935,1
455,0,0,20,-93.44,95.5564,76.44,288.289,286.605,285.942,497.007,285.937,1
456,0,0,20,-93.608,95.7207,76.608,288.288,286.607,285.944,497.009,285.939,1
457,0,0,20,-93.776,95.885,76.776,288.286,286.61,285.946,497.01,285.941,1
458,0,0,20,-93.944,96.0493,76.944,288.285,286.612,285.948,497.012,285.943,1
459,0,0,20,-94.112,96.2137,77.112,288.284,286.613,285.95,497.013,285.944,1
460,0,0,20,-94.28,96.378,77.28,288.282,286.614,285.951,497.013,285.945,1
461,0,0,20,-94.448,96.5423,77.448,288.281,286.615,285.951,497.013,285.946,1
462,0,0,20,-94.616,96.7067,77.616,288.279,286.616,285.952,497.013,285.947,1
463,0,0,20,-94.784,96.8711,77.784,288.278,286.617,285.953,497.013,285.948,1
464,0,0,20,-94.952,97.0355,77.952,288.276,286.618,285.954,497.014,285.948,1
465,0,0,20,-95.12,97.1999,78.12,288.275,286.619,285.956,497.015,285.95,1
466,0,0,20,-95.288,97.3643,78.288,288.274,286.622,285.958,497.017,285.952,1
467,0,0,20,-95.456,97.5287,78.456,288.273,286.624,285.96,497.019,285.954,1
468,0,0,20,-95.624,97.6931,78.624,288.271,286.627,285.962,497.02,285.956,1
469,0,0,20,-95.792,97.8576,78.792,288.27,286.629,285.964,497.022,285.958,1
470,0,0,20,-95.96,98.022,78.96,288.269,286.631,285.966,497.024,285.96,1
471,0,0,20,-96.128,98.1865,79.128,288.267,286.632,285.967,497.024,285.961,1
472,0,0,20,-96.296,98.351,79.296,288.266,286.633,285.968,497.025,285.962,1
473,0,0,20,-96.464,98.5155,79.464,288.265,286.634,285.969,497.025,285.963,1
474,0,0,20,-96.632,98.68,79.632,288.263,286.635,285.97,497.025,285.964,1
475,0,0,20,-96.8,98.8445,79.8,288.262,286.636,285.97,497.025,285.965,1
476,0,0,20,-96.968,99.0091,79.968,288.26,286.637,285.971,497.026,285.966,1
477,0,0,20,-97.136,99.1736,80.136,288.259,286.639,285.973,497.027,285.968,1
478,0,0,20,-97.304,99.3382,80.304,288.258,286.642,285.975,497.029,285.97,1
479,0,0,20,-97.472,99.5027,80.472,288.257,286.644,285.977,497.031,285.972,1
480,0,0,20,-97.64,99.6673,80.64,288.255,286.646,285.979,497.033,285.974,1
481,0,0,20,-97.808,99.8319,80.808,288.254,286.649,285.981,497.035,285.976,1
482,0,0,20,-97.976,99.9965,80.976,288.253,286.651,285.984,497.036,285.978,1
483,0,0,20,-98.144,100.161,81.144,288.252,286.652,285.985,497.037,285.979,1
484,0,0,20,-98.312,100.326,81.312,288.25,286.653,285.986,497.037,285.98,1
485,0,0,20,-98.48,100.49,81.48,288.249,286.654,285.986,497.037,285.981,1
486,0,0,20,-98.648,100.655,81.648,288.248,286.655,285.987,497.038,285.982,1
487,0,0,20,-98.816,100.82,81.816,288.246,286.656,285.988,497.038,285.983,1
488,0,0,20,-98.984,100.984,81.984,288.245,286.657,285.989,497.038,285.984,1
489,0,0,20,-99.152,101.149,82.152,288.244,286.659,285.991,497.04,285.986,1
490,0,0,20,-99.32,101.314,82.32,288.242,286.662,285.993,497.042,285.988,1
491,0,0,20,-99.488,101.478,82.488,288.241,286.664,285.995,497.044,285.99,1
492,0,0,20,-99.656,101.643,82.656,288.24,286.666,285.998,497.046,285.992,1
493,0,0,20,-99.824,101.808,82.824,288.239,286.669,286,497.048,285.994,1
494,0,0,20,-99.992,101.973,82.992,288.237,286.671,286.002,497.05,285.996,1
495,0,0,20,-100.16,102.137,83.16,288.236,286.672,286.003,497.05,285.997,1
496,0,0,20,-100.328,102.302,83.328,288.235,286.673,286.004,497.05,285.998,1
497,0,0,20,-100.496,102.467,83.496,288.233,286.674,286.005,497.051,285.999,1
498,0,0,20,-100.664,102.632,83.664,288.232,286.675,286.006,497.051,286,1
499,0,0,20,-100.832,102.796,83.832,288.231,286.676,286.007,497.051,286.001,1
500,0,0,20,-101,102.961,84,288.229,286.677,286.008,497.052,286.002,1
501,0,0,20,-101.168,103.126,84.168,288.228,286.68,286.01,497.054,286.004,1
502,0,0,20,-101.336,103.291,84.336,288.227,286.682,286.012,497.056,286.007,1
503,0,0,20,-101.504,103.456,84.504,288.226,286.685,286.014,497.058,286.009,1
504,0,0,20,-101.672,103.62,84.672,288.225,286.687,286.016,497.06,286.011,1
505,0,0,20,-101.84,103.785,84.84,288.223,286.69,286.018,497.062,286.013,1
506,0,0,20,-102.008,103.95,85.008,288.222,286.692,286.02,497.063,286.015,1
507,0,0,20,-102.176,104.115,85.176,288.221,286.693,286.022,497.064,286.016,1
508,0,0,20,-102.344,104.28,85.344,288.22,286.694,286.023,497.064,286.017,1
509,0,0,20,-102.512,104.445,85.512,288.218,286.695,286.024,497.065,286.018,1
510,0,0,20,-102.68,104.61,85.68,288.217,286.696,286.025,497.065,286.019,1
511,0,0,20,-102.848,104.775,85.848,288.216,286.697,286.026,497.066,286.02,1
512,0,0,20,-103.016,104.939,86.016,288.215,286.698,286.027,497.066,286.021,1
513,0,0,20,-103.184,105.104,86.184,288.213,286.701,286.029,497.068,286.023,1
514,0,0,20,-103.352,105.269,86.352,288.212,286.703,286.031,497.07,286.026,1
515,0,0,20,-103.52,105.434,86.52,288.211,286.706,286.033,497.072,286.028,1
516,0,0,20,-103.688,105.599,86.688,288.21,286.708,286.035,497.074,286.03,1
517,0,0,20,-103.856,105.764,86.856,288.209,286.711,286.038,497.076,286.032,1
518,0,0,20,-104.024,105.929,87.024,288.207,286.713,286.04,497.078,286.034,1
519,0,0,20,-104.192,106.094,87.192,288.206,286.714,286.041,497.078,286.035,1
520,0,0,20,-104.36,106.259,87.36,288.205,286.715,286.042,497.079,286.036,1
521,0,0,20,-104.528,106.424,87.528,288.204,286.716,286.043,497.08,286.037,1
522,0,0,20,-104.696,106.589,87.696,288.202,286.717,286.044,497.08,286.038,1
523,0,0,20,-104.864,106.754,87.864,288.201,286.718,286.045,497.081,286.04,1
524,0,0,20,-105.032,106.919,88.032,288.2,286.72,286.046,497.081,286.041,1
525,0,0,20,-105.2,107.084,88.2,288.199,286.722,286.049,497.083,286.043,1
526,0,0,20,-105.368,107.249,88.368,288.198,286.725,286.051,497.085,286.045,1
527,0,0,20,-105.536,107.414,88.536,288.196,286.727,286.053,497.087,286.047,1
528,0,0,20,-105.704,107.579,88.704,288.195,286.73,286.055,497.09,286.05,1
529,0,0,20,-105.872,107.745,88.872,288.194,286.732,286.057,497.092,286.052,1
530,0,0,20,-106.04,107.91,89.04,288.193,286.734,286.059,497.093,286.054,1
531,0,0,20,-106.208,108.075,89.208,288.192,286.735,286.06,497.094,286.055,1
532,0,0,20,-106.376,108.24,89.376,288.191,286.737,286.062,497.094,286.056,1
533,0,0,20,-106.544,108.405,89.544,288.189,286.738,286.063,497.095,286.057,1
534,0,0,20,-106.712,108.57,89.712,288.188,286.739,286.064,497.096,286.058,1
535,0,0,20,-106.88,108.735,89.88,288.187,286.74,286.065,497.096,286.059,1
536,0,0,20,-107.048,108.9,90.048,288.186,286.742,286.066,497.097,286.061,1
537,0,0,20,-107.216,109.065,90.216,288.185,286.744,286.069,497.099,286.063,1
538,0,0,20,-107.384,109.231,90.384,288.183,286.747,286.071,497.101,286.065,1
539,0,0,20,-107.552,109.396,90.552,288.182,286.749,286.073,497.103,286.068,1
540,0,0,20,-107.72,109.561,90.72,288.181,286.752,286.075,497.106,286.07,1
541,0,0,20,-107.888,109.726,90.888,288.18,286.754,286.078,497.108,286.072,1
542,0,0,20,-108.056,109.891,91.056,288.179,286.756,286.079,497.109,286.074,1
543,0,0,20,-108.224,110.057,91.224,288.178,286.757,286.081,497.11,286.075,1
544,0,0,20,-108.392,110.222,91.392,288.177,286.759,286.082,497.111,286.076,1
545,0,0,20,-108.56,110.387,91.56,288.175,286.76,286.083,497.111,286.077,1
546,0,0,20,-108.728,110.552,91.728,288.174,286.761,286.084,497.112,286.079,1
547,0,0,20,-108.896,110.717,91.896,288.173,286.762,286.085,497.113,286.08,1
548,0,0,20,-109.064,110.883,92.064,288.172,286.764,286.087,497.114,286.081,1
549,0,0,20,-109.232,111.048,92.232,288.171,286.766,286.089,497.116,286.084,1
550,0,0,20,-109.4,111.213,92.4,288.17,286.769,286.091,497.118,286.086,1
551,0,0,20,-109.568,111.378,92.568,288.168,286.771,286.094,497.12,286.088,1
552,0,0,20,-109.736,111.544,92.736,288.167,286.774,286.096,497.122,286.09,1
553,0,0,20,-109.904,111.709,92.904,288.166,286.777,286.098,497.124,286.093,1
554,0,0,20,-110.072,111.874,93.072,288.165,286.779,286.1,497.126,286.094,1
555,0,0,20,-110.24,112.04,93.24,288.164,286.78,286.101,497.127,286.096,1
556,0,0,20,-110.408,112.205,93.408,288.163,286.781,286.102,497.128,286.097,1
557,0,0,20,-110.576,112.37,93.576,288.162,286.782,286.104,497.128,286.098,1
558,0,0,20,-110.744,112.535,93.744,288.16,286.783,286.105,497.129,286.099,1
559,0,0,20,-110.912,112.701,93.912,288.159,286.785,286.106,497.13,286.101,1
560,0,0,20,-111.08,112.866,94.08,288.158,286.787,286.108,497.131,286.102,1
561,0,0,20,-111.248,113.031,94.248,288.157,286.789,286.11,497.133,286.105,1
562,0,0,20,-111.416,113.197,94.416,288.156,286.792,286.112,497.136,286.107,1
563,0,0,20,-111.584,113.362,94.584,288.155,286.794,286.115,497.138,286.109,1
564,0,0,20,-111.752,113.528,94.752,288.154,286.797,286.117,497.14,286.112,1
565,0,0,20,-111.92,113.693,94.92,288.153,286.799,286.119,497.142,286.114,1
566,0,0,20,-112.088,113.858,95.088,288.152,286.801,286.121,497.144,286.116,1
567,0,0,20,-112.256,114.024,95.256,288.151,286.803,286.122,497.144,286.117,1
568,0,0,20,-112.424,114.189,95.424,288.149,286.804,286.124,497.145,286.118,1
569,0,0,20,-112.592,114.355,95.592,288.148,286.805,286.125,497.146,286.119,1
570,0,0,20,-112.76,114.52,95.76,288.147,286.806,286.126,497.147,286.121,1
571,0,0,20,-112.928,114.685,95.928,288.146,286.808,286.127,497.148,286.122,1
572,0,0,20,-113.096,114.851,96.096,288.145,286.81,286.129,497.149,286.124,1
573,0,0,20,-113.264,115.016,96.264,288.144,286.812,286.132,497.151,286.126,1
574,0,0,20,-113.432,115.182,96.432,288.143,286.815,286.134,497.154,286.128,1
575,0,0,20,-113.6,115.347,96.6,288.142,286.817,286.136,497.156,286.131,1
576,0,0,20,-113.768,115.513,96.768,288.141,286.82,286.139,497.158,286.133,1
577,0,0,20,-113.936,115.678,96.936,288.14,286.823,286.141,497.16,286.135,1
578,0,0,20,-114.104,115.844,97.104,288.139,286.824,286.143,497.162,286.137,1
579,0,0,20,-114.272,116.009,97.272,288.138,286.826,286.144,497.163,286.138,1
580,0,0,20,-114.44,116.174,97.44,288.136,286.827,286.145,497.164,286.14,1
581,0,0,20,-114.608,116.34,97.608,288.135,286.828,286.147,497.164,286.141,1
582,0,0,20,-114.776,116.505,97.776,288.134,286.83,286.148,497.165,286.142,1
583,0,0,20,-114.944,116.671,97.944,288.133,286.831,286.149,497.166,286.144,1
584,0,0,20,-115.112,116.837,98.112,288.132,286.833,286.151,497.168,286.146,1
585,0,0,20,-115.28,117.002,98.28,288.131,286.836,286.154,497.17,286.148,1
586,0,0,20,-115.448,117.168,98.448,288.13,286.839,286.156,497.173,286.15,1
587,0,0,20,-115.616,117.333,98.616,288.129,286.841,286.158,497.175,286.153,1
588,0,0,20,-115.784,117.499,98.784,288.128,286.844,286.161,497.177,286.155,1
589,0,0,20,-115.952,117.664,98.952,288.127,286.846,286.163,497.179,286.158,1
590,0,0,20,-116.12,117.83,99.12,288.126,286.848,286.165,497.181,286.159,1
591,0,0,20,-116.288,117.995,99.288,288.125,286.85,286.166,497.182,286.161,1
592,0,0,20,-116.456,118.161,99.456,288.124,286.851,286.167,497.183,286.162,1
593,0,0,20,-116.624,118.326,99.624,288.123,286.852,286.169,497.184,286.163,1
594,0,0,20,-116.792,118.492,99.792,288.122,286.854,286.17,497.185,286.165,1
595,0,0,20,-116.96,118.658,99.96,288.121,286.855,286.172,497.186,286.166,1
596,0,0,20,-117.128,118.823,100.128,288.12,286.857,286.174,497.188,286.168,1
597,0,0,20,-117.296,118.989,100.296,288.119,286.86,286.176,497.19,286.171,1
598,0,0,20,-117.464,119.154,100.464,288.118,286.863,286.179,497.192,286.173,1
599,0,0,20,-117.632,119.32,100.632,288.117,286.865,286.181,497.195,286.175,1
600,0,0,20,-117.8,119.486,100.8,288.116,286.868,286.183,497.197,286.178,1
601,0,0,20,-117.968,119.651,100.968,288.115,286.871,286.186,497.199,286.18,1
602,0,0,20,-118.136,119.817,101.136,288.114,286.872,286.187,497.201,286.182,1
603,0,0,20,-118.304,119.983,101.304,288.113,286.874,286.189,497.202,286.183,1
604,0,0,20,-118.472,120.148,101.472,288.112,286.875,286.19,497.203,286.185,1
605,0,0,20,-118.64,120.314,101.64,288.111,286.876,286.192,497.204,286.186,1
606,0,0,20,-118.808,120.48,101.808,288.109,286.878,286.193,497.205,286.187,1
607,0,0,20,-118.976,120.645,101.976,288.108,286.879,286.194,497.206,286.189,1
608,0,0,20,-119.144,120.811,102.144,288.107,286.882,286.197,497.208,286.191,1
609,0,0,20,-119.312,120.977,102.312,288.107,286.884,286.199,497.21,286.194,1
610,0,0,20,-119.48,121.142,102.48,288.106,286.887,286.202,497.213,286.196,1
611,0,0,20,-119.648,121.308,102.648,288.105,286.89,286.204,497.215,286.198,1
612,0,0,20,-119.816,121.474,102.816,288.104,286.892,286.206,497.217,286.201,1
613,0,0,20,-119.984,121.639,102.984,288.103,286.895,286.209,497.22,286.203,1
614,0,0,20,-120.152,121.805,103.152,288.102,286.897,286.21,497.221,286.205,1
615,0,0,20,-120.32,121.971,103.32,288.101,286.898,286.212,497.222,286.206,1
616,0,0,20,-120.488,122.137,103.488,288.1,286.9,286.213,497.223,286.208,1
617,0,0,20,-120.656,122.302,103.656,288.099,286.901,286.215,497.224,286.209,1
618,0,0,20,-120.824,122.468,103.824,288.098,286.903,286.216,497.225,286.211,1
619,0,0,20,-120.992,122.634,103.992,288.097,286.904,286.218,497.226,286.212,1
620,0,0,20,-121.16,122.8,104.16,288.096,286.907,286.22,497.229,286.214,1
621,0,0,20,-121.328,122.965,104.328,288.095,286.909,286.223,497.231,286.217,1
622,0,0,20,-121.496,123.131,104.496,288.094,286.912,286.225,497.234,286.219,1
623,0,0,20,-121.664,123.297,104.664,288.093,286.915,286.227,497.236,286.222,1
624,0,0,20,-121.832,123.463,104.832,288.092,286.917,286.23,497.239,286.224,1
625,0,0,20,-122,123.628,105,288.091,286.92,286.232,497.241,286.227,1
626,0,0,20,-122.168,123.794,105.168,288.09,286.922,286.234,497.242,286.228,1
627,0,0,20,-122.336,123.96,105.336,288.089,286.923,286.235,497.243,286.23,1
628,0,0,20,-122.504,124.126,105.504,288.088,286.925,286.237,497.244,286.231,1
629,0,0,20,-122.672,124.292,105.672,288.087,286.926,286.238,497.246,286.233,1
630,0,0,20,-122.84,124.457,105.84,288.086,286.928,286.24,497.247,286.234,1
631,0,0,20,-123.008,124.623,106.008,288.085,286.929,286.241,497.248,286.236,1
632,0,0,20,-123.176,124.789,106.176,288.084,286.932,286.244,497.251,286.238,1
633,0,0,20,-123.344,124.955,106.344,288.083,286.935,286.246,497.253,286.241,1
634,0,0,20,-123.512,125.121,106.512,288.082,286.937,286.249,497.255,286.243,1
635,0,0,20,-123.68,125.287,106.68,288.082,286.94,286.251,497.258,286.246,1
636,0,0,20,-123.848,125.452,106.848,288.081,286.943,286.254,497.26,286.248,1
637,0,0,20,-124.016,125.618,107.016,288.08,286.945,286.256,497.263,286.251,1
638,0,0,20,-124.184,125.784,107.184,288.079,286.947,286.258,497.264,286.252,1
639,0,0,20,-124.352,125.95,107.352,288.078,286.949,286.259,497.265,286.254,1
640,0,0,20,-124.52,126.116,107.52,288.077,286.95,286.261,497.267,286.255,1
641,0,0,20,-124.688,126.282,107.688,288.076,286.952,286.263,497.268,286.257,1
642,0,0,20,-124.856,126.448,107.856,288.075,286.953,286.264,497.269,286.258,1
643,0,0,20,-125.024,126.614,108.024,288.074,286.955,286.266,497.27,286.26,1
644,0,0,20,-125.192,126.779,108.192,288.073,286.958,286.268,497.273,286.263,1
645,0,0,20,-125.36,126.945,108.36,288.072,286.96,286.271,497.276,286.265,1
646,0,0,20,-125.528,127.111,108.528,288.071,286.963,286.273,497.278,286.268,1
647,0,0,20,-125.696,127.277,108.696,288.071,286.966,286.276,497.281,286.27,1
648,0,0,20,-125.864,127.443,108.864,288.07,286.969,286.278,497.283,286.273,1
649,0,0,20,-126.032,127.609,109.032,288.069,286.971,286.281,497.285,286.275,1
650,0,0,20,-126.2,127.775,109.2,288.068,286.973,286.282,497.287,286.277,1
651,0,0,20,-126.368,127.941,109.368,288.067,286.974,286.284,497.288,286.278,1
652,0,0,20,-126.536,128.107,109.536,288.066,286.976,286.286,497.289,286.28,1
653,0,0,20,-126.704,128.273,109.704,288.065,286.978,286.287,497.291,286.282,1
654,0,0,20,-126.872,128.439,109.872,288.064,286.979,286.289,497.292,286.283,1
655,0,0,20,-127.04,128.605,110.04,288.063,286.981,286.291,497.294,286.285,1
656,0,0,20,-127.208,128.771,110.208,288.062,286.984,286.293,497.296,286.288,1
657,0,0,20,-127.376,128.937,110.376,288.062,286.987,286.296,497.299,286.29,1
658,0,0,20,-127.544,129.103,110.544,288.061,286.989,286.298,497.301,286.293,1
659,0,0,20,-127.712,129.269,110.712,288.06,286.992,286.301,497.304,286.295,1
660,0,0,20,-127.88,129.435,110.88,288.059,286.995,286.303,497.306,286.298,1
661,0,0,20,-128.048,129.601,111.048,288.058,286.997,286.306,497.309,286.3,1
662,0,0,20,-128.216,129.766,111.216,288.057,286.999,286.307,497.31,286.302,1
663,0,0,20,-128.384,129.932,111.384,288.056,287.001,286.309,497.311,286.303,1
664,0,0,20,-128.552,130.098,111.552,288.056,287.002,286.311,497.313,286.305,1
665,0,0,20,-128.72,130.264,111.72,288.055,287.004,286.312,497.314,286.307,1
666,0,0,20,-128.888,130.431,111.888,288.054,287.006,286.314,497.316,286.308,1
667,0,0,20,-129.056,130.597,112.056,288.053,287.008,286.316,497.317,286.31,1
668,0,0,20,-129.224,130.763,112.224,288.052,287.01,286.318,497.32,286.313,1
669,0,0,20,-129.392,130.929,112.392,288.051,287.013,286.321,497.323,286.315,1
670,0,0,20,-129.56,131.095,112.56,288.05,287.016,286.324,497.325,286.318,1
671,0,0,20,-129.728,131.261,112.728,288.05,287.019,286.326,497.328,286.321,1
672,0,0,20,-129.896,131.427,112.896,288.049,287.022,286.329,497.331,286.323,1
673,0,0,20,-130.064,131.593,113.064,288.048,287.024,286.331,497.333,286.325,1
674,0,0,20,-130.232,131.759,113.232,288.047,287.026,286.333,497.334,286.327,1
675,0,0,20,-130.4,131.925,113.4,288.046,287.027,286.334,497.336,286.329,1
676,0,0,20,-130.568,132.091,113.568,288.045,287.029,286.336,497.337,286.33,1
677,0,0,20,-130.736,132.257,113.736,288.045,287.031,286.338,497.339,286.332,1
678,0,0,20,-130.904,132.423,113.904,288.044,287.032,286.339,497.34,286.334,1
679,0,0,20,-131.072,132.589,114.072,288.043,287.035,286.342,497.342,286.336,1
680,0,0,20,-131.24,132.755,114.24,288.042,287.037,286.344,497.345,286.339,1
681,0,0,20,-131.408,132.921,114.408,288.041,287.04,286.347,497.347,286.341,1
682,0,0,20,-131.576,133.087,114.576,288.04,287.043,286.349,497.35,286.344,1
683,0,0,20,-131.744,133.253,114.744,288.04,287.046,286.352,497.353,286.346,1
684,0,0,20,-131.912,133.42,114.912,288.039,287.049,286.355,497.355,286.349,1
685,0,0,20,-132.08,133.586,115.08,288.038,287.051,286.357,497.358,286.351,1
686,0,0,20,-132.248,133.752,115.248,288.037,287.053,286.359,497.359,286.353,1
687,0,0,20,-132.416,133.918,115.416,288.036,287.054,286.36,497.361,286.355,1
688,0,0,20,-132.584,134.084,115.584,288.036,287.056,286.362,497.362,286.356,1
689,0,0,20,-132.752,134.25,115.752,288.035,287.058,286.364,497.364,286.358,1
690,0,0,20,-132.92,134.416,115.92,288.034,287.06,286.366,497.365,286.36,1
691,0,0,20,-133.088,134.582,116.088,288.033,287.062,286.368,497.367,286.362,1
692,0,0,20,-133.256,134.749,116.256,288.032,287.065,286.37,497.37,286.365,1
693,0,0,20,-133.424,134.915,116.424,288.032,287.068,286.373,497.373,286.367,1
694,0,0,20,-133.592,135.081,116.592,288.031,287.071,286.376,497.375,286.37,1
695,0,0,20,-133.76,135.247,116.76,288.03,287.073,286.378,497.378,286.373,1
696,0,0,20,-133.928,135.413,116.928,288.029,287.076,286.381,497.381,286.375,1
697,0,0,20,-134.096,135.579,117.096,288.029,287.079,286.383,497.383,286.378,1
698,0,0,20,-134.264,135.745,117.264,288.028,287.08,286.385,497.385,286.379,1
699,0,0,20,-134.432,135.912,117.432,288.027,287.082,286.387,497.386,286.381,1
700,0,0,20,-134.6,136.078,117.6,288.026,287.084,286.389,497.388,286.383,1
701,0,0,20,-134.768,136.244,117.768,288.025,287.086,286.39,497.389,286.385,1
702,0,0,20,-134.936,136.41,117.936,288.025,287.087,286.392,497.391,286.386,1
703,0,0,20,-135.104,136.576,118.104,288.024,287.09,286.394,497.393,286.389,1
704,0,0,20,-135.272,136.743,118.272,288.023,287.093,286.397,497.396,286.391,1
705,0,0,20,-135.44,136.909,118.44,288.022,287.096,286.4,497.399,286.394,1
706,0,0,20,-135.608,137.075,118.608,288.022,287.098,286.403,497.402,286.397,1
707,0,0,20,-135.776,137.241,118.776,288.021,287.101,286.405,497.404,286.4,1
708,0,0,20,-135.944,137.407,118.944,288.02,287.104,286.408,497.407,286.402,1
709,0,0,20,-136.112,137.574,119.112,288.019,287.106,286.41,497.409,286.404,1
710,0,0,20,-136.28,137.74,119.28,288.019,287.108,286.412,497.411,286.406,1
711,0,0,20,-136.448,137.906,119.448,288.018,287.11,286.414,497.413,286.408,1
712,0,0,20,-136.616,138.072,119.616,288.017,287.112,286.415,497.414,286.41,1
713,0,0,20,-136.784,138.238,119.784,288.016,287.114,286.417,497.416,286.412,1
714,0,0,20,-136.952,138.405,119.952,288.016,287.115,286.419,497.418,286.413,1
715,0,0,20,-137.12,138.571,120.12,288.015,287.118,286.422,497.42,286.416,1
716,0,0,20,-137.288,138.737,120.288,288.014,287.121,286.424,497.423,286.419,1
717,0,0,20,-137.456,138.903,120.456,288.013,287.124,286.427,497.426,286.421,1
718,0,0,20,-137.624,139.07,120.624,288.013,287.127,286.43,497.429,286.424,1
719,0,0,20,-137.792,139.236,120.792,288.012,287.13,286.433,497.431,286.427,1
720,0,0,20,-137.96,139.402,120.96,288.011,287.133,286.435,497.434,286.43,1
721,0,0,20,-138.128,139.568,121.128,288.011,287.135,286.437,497.436,286.432,1
722,0,0,20,-138.296,139.735,121.296,288.01,287.137,286.439,497.438,286.433,1
723,0,0,20,-138.464,139.901,121.464,288.009,287.138,286.441,497.44,286.435,1
724,0,0,20,-138.632,140.067,121.632,288.008,287.14,286.443,497.441,286.437,1
725,0,0,20,-138.8,140.234,121.8,288.008,287.142,286.445,497.443,286.439,1
726,0,0,20,-138.968,140.4,121.968,288.007,287.144,286.447,497.445,286.441,1
727,0,0,20,-139.136,140.566,122.136,288.006,287.147,286.449,497.447,286.444,1
728,0,0,20,-139.304,140.732,122.304,288.006,287.15,286.452,497.45,286.446,1
729,0,0,20,-139.472,140.899,122.472,288.005,287.153,286.455,497.453,286.449,1
730,0,0,20,-139.64,141.065,122.64,288.004,287.155,286.457,497.456,286.452,1
731,0,0,20,-139.808,141.231,122.808,288.004,287.158,286.46,497.459,286.455,1
732,0,0,20,-139.976,141.398,122.976,288.003,287.161,286.463,497.462,286.457,1
733,0,0,20,-140.144,141.564,123.144,288.002,287.163,286.465,497.464,286.459,1
734,0,0,20,-140.312,141.73,123.312,288.002,287.165,286.467,497.466,286.461,1
735,0,0,20,-140.48,141.897,123.48,288.001,287.167,286.469,497.467,286.463,1
736,0,0,20,-140.648,142.063,123.648,288,287.169,286.471,497.469,286.465,1
737,0,0,20,-140.816,142.229,123.816,287.999,287.171,286.473,497.471,286.467,1
738,0,0,20,-140.984,142.396,123.984,287.999,287.173,286.475,497.473,286.469,1
739,0,0,20,-141.152,142.562,124.152,287.998,287.176,286.477,497.476,286.472,1
740,0,0,20,-141.32,142.728,124.32,287.997,287.179,286.48,497.479,286.474,1
741,0,0,20,-141.488,142.895,124.488,287.997,287.182,286.483,497.482,286.477,1
742,0,0,20,-141.656,143.061,124.656,287.996,287.185,286.486,497.484,286.48,1
743,0,0,20,-141.824,143.227,124.824,287.995,287.188,286.488,497.487,286.483,1
744,0,0,20,-141.992,143.394,124.992,287.995,287.191,286.491,497.49,286.486,1
745,0,0,20,-142.16,143.56,125.16,287.994,287.193,286.493,497.492,286.488,1
746,0,0,20,-142.328,143.726,125.328,287.993,287.194,286.495,497.494,286.489,1
747,0,0,20,-142.496,143.893,125.496,287.993,287.196,286.497,497.496,286.491,1
748,0,0,20,-142.664,144.059,125.664,287.992,287.198,286.499,497.498,286.493,1
749,0,0,20,-142.832,144.225,125.832,287.991,287.2,286.501,497.5,286.495,1
750,0,0,20,-143,144.392,126,287.991,287.202,286.503,497.502,286.497,1
751,0,0,20,-143.168,144.558,126.168,287.99,287.205,286.506,497.505,286.5,1
752,0,0,20,-143.336,144.725,126.336,287.99,287.208,286.509,497.508,286.503,1
753,0,0,20,-143.504,144.891,126.504,287.989,287.211,286.511,497.51,286.506,1
754,0,0,20,-143.672,145.057,126.672,287.988,287.214,286.514,497.513,286.509,1
755,0,0,20,-143.84,145.224,126.84,287.988,287.217,286.517,497.516,286.511,1
756,0,0,20,-144.008,145.39,127.008,287.987,287.22,286.52,497.519,286.514,1
757,0,0,20,-144.176,145.557,127.176,287.986,287.222,286.522,497.521,286.516,1
758,0,0,20,-144.344,145.723,127.344,287.986,287.224,286.524,497.523,286.518,1
759,0,0,20,-144.512,145.889,127.512,287.985,287.226,286.526,497.525,286.52,1
760,0,0,20,-144.68,146.056,127.68,287.985,287.228,286.528,497.527,286.522,1
761,0,0,20,-144.848,146.222,127.848,287.984,287.23,286.53,497.529,286.524,1
762,0,0,20,-145.016,146.389,128.016,287.983,287.232,286.532,497.531,286.526,1
763,0,0,20,-145.184,146.555,128.184,287.983,287.235,286.535,497.534,286.529,1
764,0,0,20,-145.352,146.722,128.352,287.982,287.238,286.538,497.537,286.532,1
765,0,0,20,-145.52,146.888,128.52,287.981,287.241,286.541,497.54,286.535,1
766,0,0,20,-145.688,147.054,128.688,287.981,287.244,286.543,497.543,286.538,1
767,0,0,20,-145.856,147.221,128.856,287.98,287.247,286.546,497.546,286.541,1
768,0,0,20,-146.024,147.387,129.024,287.98,287.25,286.549,497.549,286.543,1
769,0,0,20,-146.192,147.554,129.192,287.979,287.252,286.551,497.551,286.545,1
770,0,0,20,-146.36,147.72,129.36,287.978,287.254,286.553,497.553,286.547,1
771,0,0,20,-146.528,147.887,129.528,287.978,287.256,286.555,497.555,286.549,1
772,0,0,20,-146.696,148.053,129.696,287.977,287.258,286.557,497.557,286.551,1
773,0,0,20,-146.864,148.22,129.864,287.977,287.26,286.559,497.559,286.553,1
774,0,0,20,-147.032,148.386,130.032,287.976,287.262,286.561,497.561,286.556,1
775,0,0,20,-147.2,148.552,130.2,287.975,287.265,286.564,497.564,286.559,1
776,0,0,20,-147.368,148.719,130.368,287.975,287.268,286.567,497.568,286.561,1
777,0,0,20,-147.536,148.885,130.536,287.974,287.271,286.57,497.571,286.564,1
778,0,0,20,-147.704,149.052,130.704,287.974,287.274,286.573,497.574,286.567,1
779,0,0,20,-147.872,149.218,130.872,287.973,287.278,286.576,497.577,286.57,1
780,0,0,20,-148.04,149.385,131.04,287.973,287.28,286.578,497.58,286.573,1
781,0,0,20,-148.208,149.551,131.208,287.972,287.282,286.581,497.582,286.575,1
782,0,0,20,-148.376,149.718,131.376,287.972,287.284,286.583,497.584,286.577,1
783,0,0,20,-148.544,149.884,131.544,287.971,287.287,286.585,497.586,286.579,1
784,0,0,20,-148.712,150.051,131.712,287.97,287.289,286.587,497.588,286.581,1
785,0,0,20,-148.88,150.217,131.88,287.97,287.291,286.589,497.59,286.583,1
786,0,0,20,-149.048,150.384,132.048,287.969,287.293,286.591,497.592,286.586,1
787,0,0,20,-149.216,150.55,132.216,287.969,287.296,286.594,497.595,286.588,1
788,0,0,20,-149.384,150.717,132.384,287.968,287.299,286.597,497.599,286.591,1
789,0,0,20,-149.552,150.883,132.552,287.968,287.302,286.6,497.602,286.594,1
790,0,0,20,-149.72,151.05,132.72,287.967,287.305,286.603,497.605,286.597,1
791,0,0,20,-149.888,151.216,132.888,287.967,287.308,286.606,497.608,286.6,1
792,0,0,20,-150.056,151.383,133.056,287.966,287.311,286.608,497.611,286.603,1
793,0,0,20,-150.224,151.549,133.224,287.966,287.313,286.611,497.613,286.605,1
794,0,0,20,-150.392,151.716,133.392,287.965,287.315,286.613,497.615,286.607,1
795,0,0,20,-150.56,151.883,133.56,287.964,287.317,286.615,497.617,286.609,1
796,0,0,20,-150.728,152.049,133.728,287.964,287.319,286.617,497.619,286.611,1
797,0,0,20,-150.896,152.216,133.896,287.963,287.322,286.619,497.621,286.613,1
798,0,0,20,-151.064,152.382,134.064,287.963,287.324,286.622,497.624,286.616,1
799,0,0,20,-151.232,152.549,134.232,287.962,287.327,286.625,497.627,286.619,1
800,0,0,20,-151.4,152.715,134.4,287.962,287.33,286.627,497.63,286.622,1
801,0,0,20,-151.568,152.882,134.568,287.961,287.333,286.63,497.634,286.625,1
802,0,0,20,-151.736,153.048,134.736,287.961,287.336,286.633,497.637,286.628,1
803,0,0,20,-151.904,153.215,134.904,287.96,287.34,286.636,497.64,286.631,1
804,0,0,20,-152.072,153.382,135.072,287.96,287.342,286.639,497.643,286.633,1
805,0,0,20,-152.24,153.548,135.24,287.959,287.344,286.641,497.645,286.635,1
806,0,0,20,-152.408,153.715,135.408,287.959,287.347,286.643,497.647,286.638,1
807,0,0,20,-152.576,153.881,135.576,287.958,287.349,286.645,497.649,286.64,1
808,0,0,20,-152.744,154.048,135.744,287.958,287.351,286.648,497.651,286.642,1
809,0,0,20,-152.912,154.214,135.912,287.957,287.353,286.65,497.654,286.644,1
810,0,0,20,-153.08,154.381,136.08,287.957,287.356,286.652,497.656,286.647,1
811,0,0,20,-153.248,154.548,136.248,287.956,287.359,286.655,497.66,286.65,1
812,0,0,20,-153.416,154.714,136.416,287.956,287.362,286.658,497.663,286.653,1
813,0,0,20,-153.584,154.881,136.584,287.955,287.365,286.661,497.666,286.656,1
814,0,0,20,-153.752,155.047,136.752,287.955,287.368,286.664,497.669,286.659,1
815,0,0,20,-153.92,155.214,136.92,287.954,287.371,286.667,497.673,286.662,1
816,0,0,20,-154.088,155.381,137.088,287.954,287.374,286.67,497.675,286.664,1
817,0,0,20,-154.256,155.547,137.256,287.953,287.376,286.672,497.678,286.666,1
818,0,0,20,-154.424,155.714,137.424,287.953,287.378,286.674,497.68,286.669,1
819,0,0,20,-154.592,155.88,137.592,287.952,287.38,286.676,497.682,286.671,1
820,0,0,20,-154.76,156.047,137.76,287.952,287.383,286.679,497.684,286.673,1
821,0,0,20,-154.928,156.214,137.928,287.951,287.385,286.681,497.687,286.675,1
822,0,0,20,-155.096,156.38,138.096,287.951,287.387,286.684,497.689,286.678,1
823,0,0,20,-155.264,156.547,138.264,287.951,287.391,286.687,497.693,286.681,1
824,0,0,20,-155.432,156.713,138.432,287.95,287.394,286.69,497.696,286.684,1
825,0,0,20,-155.6,156.88,138.6,287.95,287.397,286.693,497.699,286.687,1
826,0,0,20,-155.768,157.047,138.768,287.949,287.4,286.696,497.703,286.69,1
827,0,0,20,-155.936,157.213,138.936,287.949,287.403,286.699,497.706,286.693,1
828,0,0,20,-156.104,157.38,139.104,287.948,287.406,286.701,497.709,286.695,1
829,0,0,20,-156.272,157.547,139.272,287.948,287.408,286.703,497.711,286.698,1
830,0,0,20,-156.44,157.713,139.44,287.947,287.41,286.706,497.713,286.7,1
831,0,0,20,-156.608,157.88,139.608,287.947,287.412,286.708,497.716,286.702,1
832,0,0,20,-156.776,158.047,139.776,287.946,287.415,286.71,497.718,286.704,1
833,0,0,20,-156.944,158.213,139.944,287.946,287.417,286.712,497.72,286.707,1
834,0,0,20,-157.112,158.38,140.112,287.946,287.42,286.715,497.723,286.71,1
835,0,0,20,-157.28,158.547,140.28,287.945,287.423,286.718,497.727,286.713,1
836,0,0,20,-157.448,158.713,140.448,287.945,287.426,286.721,497.73,286.716,1
837,0,0,20,-157.616,158.88,140.616,287.944,287.429,286.724,497.733,286.719,1
838,0,0,20,-157.784,159.047,140.784,287.944,287.432,286.727,497.737,286.722,1
839,0,0,20,-157.952,159.213,140.952,287.944,287.436,286.73,497.74,286.725,1
840,0,0,20,-158.12,159.38,141.12,287.943,287.438,286.733,497.743,286.727,1
841,0,0,20,-158.288,159.547,141.288,287.943,287.44,286.735,497.745,286.73,1
842,0,0,20,-158.456,159.713,141.456,287.942,287.443,286.738,497.747,286.732,1
843,0,0,20,-158.624,159.88,141.624,287.942,287.445,286.74,497.75,286.734,1
844,0,0,20,-158.792,160.047,141.792,287.941,287.447,286.742,497.752,286.736,1
845,0,0,20,-158.96,160.213,141.96,287.941,287.45,286.744,497.755,286.739,1
846,0,0,20,-159.128,160.38,142.128,287.941,287.453,286.747,497.758,286.742,1
847,0,0,20,-159.296,160.547,142.296,287.94,287.456,286.75,497.761,286.745,1
848,0,0,20,-159.464,160.713,142.464,287.94,287.459,286.754,497.765,286.748,1
849,0,0,20,-159.632,160.88,142.632,287.939,287.462,286.757,497.768,286.751,1
850,0,0,20,-159.8,161.047,142.8,287.939,287.465,286.76,497.771,286.754,1
851,0,0,20,-159.968,161.213,142.968,287.939,287.469,286.763,497.775,286.757,1
852,0,0,20,-160.136,161.38,143.136,287.938,287.471,286.765,497.777,286.759,1
853,0,0,20,-160.304,161.547,143.304,287.938,287.473,286.768,497.78,286.762,1
854,0,0,20,-160.472,161.714,143.472,287.938,287.476,286.77,497.782,286.764,1
855,0,0,20,-160.64,161.88,143.64,287.937,287.478,286.772,497.785,286.766,1
856,0,0,20,-160.808,162.047,143.808,287.937,287.48,286.775,497.787,286.769,1
857,0,0,20,-160.976,162.214,143.976,287.936,287.483,286.777,497.79,286.771,1
858,0,0,20,-161.144,162.38,144.144,287.936,287.486,286.78,497.793,286.774,1
859,0,0,20,-161.312,162.547,144.312,287.936,287.489,286.783,497.796,286.777,1
860,0,0,20,-161.48,162.714,144.48,287.935,287.492,286.786,497.8,286.78,1
861,0,0,20,-161.648,162.881,144.648,287.935,287.495,286.789,497.803,286.783,1
862,0,0,20,-161.816,163.047,144.816,287.935,287.499,286.792,497.807,286.787,1
863,0,0,20,-161.984,163.214,144.984,287.934,287.502,286.795,497.81,286.79,1
864,0,0,20,-162.152,163.381,145.152,287.934,287.504,286.798,497.813,286.792,1
865,0,0,20,-162.32,163.548,145.32,287.933,287.507,286.8,497.815,286.795,1
866,0,0,20,-162.488,163.714,145.488,287.933,287.509,286.803,497.818,286.797,1
867,0,0,20,-162.656,163.881,145.656,287.933,287.511,286.805,497.82,286.799,1
868,0,0,20,-162.824,164.048,145.824,287.932,287.514,286.807,497.823,286.802,1
869,0,0,20,-162.992,164.214,145.992,287.932,287.516,286.81,497.825,286.804,1
870,0,0,20,-163.16,164.381,146.16,287.932,287.519,286.813,497.829,286.807,1
871,0,0,20,-163.328,164.548,146.328,287.931,287.522,286.816,497.832,286.81,1
872,0,0,20,-163.496,164.715,146.496,287.931,287.526,286.819,497.836,286.813,1
873,0,0,20,-163.664,164.881,146.664,287.931,287.529,286.822,497.839,286.817,1
874,0,0,20,-163.832,165.048,146.832,287.93,287.532,286.825,497.843,286.82,1
875,0,0,20,-164,165.215,147,287.93,287.536,286.829,497.846,286.823,1
876,0,0,20,-164.168,165.382,147.168,287.93,287.538,286.831,497.849,286.825,1
877,0,0,20,-164.336,165.549,147.336,287.929,287.54,286.833,497.852,286.828,1
878,0,0,20,-164.504,165.715,147.504,287.929,287.543,286.836,497.854,286.83,1
879,0,0,20,-164.672,165.882,147.672,287.929,287.545,286.838,497.857,286.833,1
880,0,0,20,-164.84,166.049,147.84,287.928,287.547,286.841,497.859,286.835,1
881,0,0,20,-165.008,166.216,148.008,287.928,287.55,286.843,497.862,286.837,1
882,0,0,20,-165.176,166.382,148.176,287.928,287.553,286.846,497.866,286.841,1
883,0,0,20,-165.344,166.549,148.344,287.928,287.556,286.85,497.869,286.844,1
884,0,0,20,-165.512,166.716,148.512,287.927,287.56,286.853,497.873,286.847,1
885,0,0,20,-165.68,166.883,148.68,287.927,287.563,286.856,497.876,286.85,1
886,0,0,20,-165.848,167.05,148.848,287.927,287.566,286.859,497.88,286.853,1
887,0,0,20,-166.016,167.216,149.016,287.926,287.57,286.862,497.883,286.856,1
888,0,0,20,-166.184,167.383,149.184,287.926,287.572,286.865,497.886,286.859,1
889,0,0,20,-166.352,167.55,149.352,287.926,287.574,286.867,497.889,286.861,1
890,0,0,20,-166.52,167.717,149.52,287.925,287.577,286.87,497.891,286.864,1
891,0,0,20,-166.688,167.884,149.688,287.925,287.579,286.872,497.894,286.866,1
892,0,0,20,-166.856,168.05,149.856,287.925,287.582,286.874,497.896,286.869,1
893,0,0,20,-167.024,168.217,150.024,287.925,287.584,286.877,497.899,286.871,1
894,0,0,20,-167.192,168.384,150.192,287.924,287.588,286.88,497.903,286.874,1
895,0,0,20,-167.36,168.551,150.36,287.924,287.591,286.883,497.906,286.878,1
896,0,0,20,-167.528,168.718,150.528,287.924,287.594,286.887,497.91,286.881,1
897,0,0,20,-167.696,168.884,150.696,287.923,287.598,286.89,497.914,286.884,1
898,0,0,20,-167.864,169.051,150.864,287.923,287.601,286.893,497.917,286.887,1
899,0,0,20,-168.032,169.218,151.032,287.923,287.604,286.896,497.921,286.89,1
900,0,0,20,-168.2,169.385,151.2,287.923,287.606,286.899,497.923,286.893,1
901,0,0,20,-168.368,169.552,151.368,287.922,287.609,286.901,497.926,286.895,1
902,0,0,20,-168.536,169.719,151.536,287.922,287.611,286.904,497.929,286.898,1
903,0,0,20,-168.704,169.885,151.704,287.922,287.614,286.906,497.932,286.9,1
904,0,0,20,-168.872,170.052,151.872,287.922,287.616,286.909,497.934,286.903,1
905,0,0,20,-169.04,170.219,152.04,287.921,287.619,286.911,497.937,286.906,1
906,0,0,20,-169.208,170.386,152.208,287.921,287.622,286.915,497.941,286.909,1
907,0,0,20,-169.376,170.553,152.376,287.921,287.626,286.918,497.945,286.912,1
908,0,0,20,-169.544,170.72,152.544,287.921,287.629,286.921,497.948,286.915,1
909,0,0,20,-169.712,170.886,152.712,287.92,287.632,286.924,497.952,286.918,1
910,0,0,20,-169.88,171.053,152.88,287.92,287.636,286.927,497.956,286.922,1
911,0,0,20,-170.048,171.22,153.048,287.92,287.639,286.93,497.959,286.925,1
912,0,0,20,-170.216,171.387,153.216,287.92,287.641,286.933,497.962,286.927,1
913,0,0,20,-170.384,171.554,153.384,287.919,287.644,286.936,497.964,286.93,1
914,0,0,20,-170.552,171.721,153.552,287.919,287.646,286.938,497.967,286.932,1
915,0,0,20,-170.72,171.888,153.72,287.919,287.649,286.941,497.97,286.935,1
916,0,0,20,-170.888,172.054,153.888,287.919,287.651,286.943,497.973,286.937,1
917,0,0,20,-171.056,172.221,154.056,287.919,287.654,286.946,497.976,286.94,1
918,0,0,20,-171.224,172.388,154.224,287.918,287.658,286.949,497.98,286.944,1
919,0,0,20,-171.392,172.555,154.392,287.918,287.661,286.953,497.983,286.947,1
920,0,0,20,-171.56,172.722,154.56,287.918,287.664,286.956,497.987,286.95,1
921,0,0,20,-171.728,172.889,154.728,287.918,287.668,286.959,497.991,286.953,1
922,0,0,20,-171.896,173.056,154.896,287.917,287.671,286.962,497.994,286.957,1
923,0,0,20,-172.064,173.222,155.064,287.917,287.674,286.965,497.998,286.96,1
924,0,0,20,-172.232,173.389,155.232,287.917,287.677,286.968,498.001,286.962,1
925,0,0,20,-172.4,173.556,155.4,287.917,287.679,286.971,498.004,286.965,1
926,0,0,20,-172.568,173.723,155.568,287.917,287.682,286.973,498.006,286.967,1
927,0,0,20,-172.736,173.89,155.736,287.916,287.684,286.976,498.009,286.97,1
928,0,0,20,-172.904,174.057,155.904,287.916,287.687,286.978,498.012,286.973,1
929,0,0,20,-173.072,174.224,156.072,287.916,287.69,286.981,498.015,286.975,1
930,0,0,20,-173.24,174.391,156.24,287.916,287.693,286.984,498.019,286.979,1
931,0,0,20,-173.408,174.558,156.408,287.916,287.697,286.988,498.023,286.982,1
932,0,0,20,-173.576,174.724,156.576,287.916,287.7,286.991,498.027,286.985,1
933,0,0,20,-173.744,174.891,156.744,287.915,287.703,286.994,498.03,286.989,1
934,0,0,20,-173.912,175.058,156.912,287.915,287.707,286.998,498.034,286.992,1
935,0,0,20,-174.08,175.225,157.08,287.915,287.71,287.001,498.037,286.995,1
936,0,0,20,-174.248,175.392,157.248,287.915,287.712,287.003,498.04,286.997,1
937,0,0,20,-174.416,175.559,157.416,287.915,287.715,287.006,498.043,287,1
938,0,0,20,-174.584,175.726,157.584,287.914,287.718,287.008,498.046,287.003,1
939,0,0,20,-174.752,175.893,157.752,287.914,287.72,287.011,498.049,287.005,1
940,0,0,20,-174.92,176.06,157.92,287.914,287.723,287.014,498.052,287.008,1
941,0,0,20,-175.088,176.227,158.088,287.914,287.726,287.017,498.055,287.011,1
942,0,0,20,-175.256,176.393,158.256,287.914,287.729,287.02,498.059,287.014,1
943,0,0,20,-175.424,176.56,158.424,287.914,287.733,287.023,498.063,287.018,1
944,0,0,20,-175.592,176.727,158.592,287.914,287.736,287.027,498.067,287.021,1
945,0,0,20,-175.76,176.894,158.76,287.913,287.74,287.03,498.071,287.024,1
946,0,0,20,-175.928,177.061,158.928,287.913,287.743,287.033,498.074,287.028,1
947,0,0,20,-176.096,177.228,159.096,287.913,287.746,287.036,498.078,287.031,1
948,0,0,20,-176.264,177.395,159.264,287.913,287.749,287.039,498.081,287.033,1
949,0,0,20,-176.432,177.562,159.432,287.913,287.751,287.042,498.084,287.036,1
950,0,0,20,-176.6,177.729,159.6,287.913,287.754,287.044,498.087,287.039,1
951,0,0,20,-176.768,177.896,159.768,287.913,287.757,287.047,498.09,287.041,1
952,0,0,20,-176.936,178.063,159.936,287.912,287.759,287.05,498.093,287.044,1
953,0,0,20,-177.104,178.23,160.104,287.912,287.762,287.053,498.096,287.047,1
954,0,0,20,-177.272,178.397,160.272,287.912,287.766,287.056,498.1,287.05,1
955,0,0,20,-177.44,178.564,160.44,287.912,287.769,287.059,498.104,287.054,1
956,0,0,20,-177.608,178.731,160.608,287.912,287.773,287.063,498.108,287.057,1
957,0,0,20,-177.776,178.897,160.776,287.912,287.776,287.066,498.112,287.06,1
958,0,0,20,-177.944,179.064,160.944,287.912,287.78,287.07,498.116,287.064,1
959,0,0,20,-178.112,179.231,161.112,287.912,287.783,287.072,498.119,287.067,1
960,0,0,20,-178.28,179.398,161.28,287.911,287.785,287.075,498.122,287.069,1
961,0,0,20,-178.448,179.565,161.448,287.911,287.788,287.078,498.125,287.072,1
962,0,0,20,-178.616,179.732,161.616,287.911,287.791,287.081,498.128,287.075,1
963,0,0,20,-178.784,179.899,161.784,287.911,287.793,287.083,498.131,287.077,1
964,0,0,20,-178.952,180.066,161.952,287.911,287.796,287.086,498.134,287.08,1
965,0,0,20,-179.12,180.233,162.12,287.911,287.799,287.089,498.138,287.083,1
966,0,0,20,-179.288,180.4,162.288,287.911,287.803,287.093,498.142,287.087,1
967,0,0,20,-179.456,180.567,162.456,287.911,287.806,287.096,498.146,287.09,1
968,0,0,20,-179.624,180.734,162.624,287.911,287.81,287.099,498.15,287.094,1
969,0,0,20,-179.792,180.901,162.792,287.911,287.813,287.103,498.153,287.097,1
970,0,0,20,-179.96,181.068,162.96,287.91,287.817,287.106,498.157,287.1,1
971,0,0,20,-180.128,181.235,163.128,287.91,287.82,287.109,498.161,287.103,1
972,0,0,20,-180.296,181.402,163.296,287.91,287.822,287.112,498.164,287.106,1
973,0,0,20,-180.464,181.569,163.464,287.91,287.825,287.114,498.167,287.109,1
974,0,0,20,-180.632,181.736,163.632,287.91,287.828,287.117,498.17,287.111,1
975,0,0,20,-180.8,181.903,163.8,287.91,287.83,287.12,498.173,287.114,1
976,0,0,20,-180.968,182.07,163.968,287.91,287.833,287.123,498.176,287.117,1
977,0,0,20,-181.136,182.237,164.136,287.91,287.837,287.126,498.18,287.12,1
978,0,0,20,-181.304,182.404,164.304,287.91,287.84,287.129,498.184,287.124,1
979,0,0,20,-181.472,182.571,164.472,287.91,287.844,287.133,498.188,287.127,1
980,0,0,20,-181.64,182.738,164.64,287.91,287.847,287.136,498.192,287.13,1
981,0,0,20,-181.808,182.905,164.808,287.91,287.851,287.14,498.196,287.134,1
982,0,0,20,-181.976,183.072,164.976,287.91,287.854,287.143,498.2,287.137,1
983,0,0,20,-182.144,183.239,165.144,287.91,287.857,287.146,498.203,287.14,1
984,0,0,20,-182.312,183.406,165.312,287.909,287.86,287.149,498.206,287.143,1
985,0,0,20,-182.48,183.573,165.48,287.909,287.863,287.152,498.21,287.146,1
986,0,0,20,-182.648,183.74,165.648,287.909,287.865,287.154,498.213,287.149,1
987,0,0,20,-182.816,183.907,165.816,287.909,287.868,287.157,498.216,287.151,1
988,0,0,20,-182.984,184.074,165.984,287.909,287.871,287.16,498.219,287.154,1
989,0,0,20,-183.152,184.241,166.152,287.909,287.874,287.163,498.223,287.158,1
990,0,0,20,-183.32,184.408,166.32,287.909,287.878,287.167,498.227,287.161,1
991,0,0,20,-183.488,184.575,166.488,287.909,287.881,287.17,498.231,287.164,1
992,0,0,20,-183.656,184.742,166.656,287.909,287.885,287.174,498.235,287.168,1
993,0,0,20,-183.824,184.909,166.824,287.909,287.889,287.177,498.239,287.171,1
994,0,0,20,-183.992,185.076,166.992,287.909,287.892,287.18,498.243,287.175,1
995,0,0,20,-184.16,185.243,167.16,287.909,287.895,287.183,498.246,287.177,1
996,0,0,20,-184.328,185.41,167.328,287.909,287.898,287.186,498.249,287.18,1
997,0,0,20,-184.496,185.577,167.496,287.909,287.901,287.188,498.252,287.182,1
998,0,0,20,-184.664,185.744,167.664,287.909,287.903,287.191,498.255,287.185,1
999,0,0,20,-184.832,185.911,167.832,287.909,287.906,287.193,498.259,287.187,1
1000,0,0,20,-185,186.078,168,287.909,287.909,287.196,498.262,287.19,1
